Steps,Policy/Entropy,Environment/Episode Length,Policy/Extrinsic Value Estimate,Environment/Cumulative Reward,Policy/Extrinsic Reward,Is Training
1000,1.4189384,78.46153846153847,-0.031112447,0.6461666710674763,0.6461666710674763,1.0
2000,1.4189385,197.24,-0.022930803,0.05700000002980232,0.05700000002980232,1.0
3000,None,199.0,-0.15790674,0.0,0.0,1.0
4000,None,199.0,-0.007843423,0.0,0.0,1.0
5000,None,199.0,-0.045154583,0.0,0.0,1.0
6000,None,199.0,-0.17414261,0.0,0.0,1.0
7000,None,199.0,-0.14389782,0.0,0.0,1.0
8000,1.4189385,159.2,-0.019933801,0.0,0.0,1.0
9000,1.4189385,99.5,-0.07832911,0.0,0.0,1.0
10000,1.4189385,None,0.028224524,0.0,0.0,1.0
11000,1.4189383,None,-0.11204996,0.0,0.0,1.0
12000,1.4189383,199.0,0.01414015,0.2854285751070295,0.2854285751070295,1.0
13000,1.4225849,133.0,-0.03488596,0.33042856625148226,0.33042856625148226,1.0
14000,1.4239472,176.8,-0.019847129,0.11220000386238098,0.11220000386238098,1.0
15000,1.4239472,196.88,0.16262555,-0.3333333333333333,-0.3333333333333333,1.0
16000,None,199.0,-0.04857654,0.0,0.0,1.0
17000,None,199.0,-0.0043556914,0.0,0.0,1.0
18000,None,199.0,-0.02106614,0.0,0.0,1.0
19000,None,199.0,-0.0763361,0.0,0.0,1.0
20000,1.4239472,199.0,0.035727825,0.0,0.0,1.0
21000,None,99.5,-0.041854326,0.0,0.0,1.0
22000,1.423947,199.0,0.033341847,0.0,0.0,1.0
23000,1.4239472,110.0,-0.036263146,0.0,0.0,1.0
24000,1.423947,None,0.010561386,0.0,0.0,1.0
25000,1.4242905,112.44444444444444,-0.010273063,0.3487142877919333,0.3487142877919333,1.0
26000,1.4223311,163.5,0.015706684,-0.23177777727444968,-0.23177777727444968,1.0
27000,1.422331,174.16666666666666,0.10031573,0.050833333283662796,0.050833333283662796,1.0
28000,1.422331,176.42857142857142,0.10408393,-0.8291666666045785,-0.8291666666045785,1.0
29000,1.4223311,190.5,0.055388242,-0.35349999864896137,-0.35349999864896137,1.0
30000,None,199.0,0.072097234,0.0,0.0,1.0
31000,None,199.0,-0.07250858,0.0,0.0,1.0
32000,1.4223311,159.2,0.028835928,0.0,0.0,1.0
33000,1.4223311,133.0,-0.006633428,0.0,0.0,1.0
34000,1.422331,199.0,0.04685072,0.0,0.0,1.0
35000,1.422331,None,0.062376965,0.0,0.0,1.0
36000,1.4223311,106.5,0.0066818013,0.1665000021457672,0.1665000021457672,1.0
37000,1.4291884,131.07142857142858,0.10056936,-0.5,-0.5,1.0
38000,1.4348694,160.0,0.05171674,-0.2857142857142857,-0.2857142857142857,1.0
39000,1.4348693,154.5,0.08952324,-0.3080000025885446,-0.3080000025885446,1.0
40000,1.4348693,139.875,0.07039719,-0.4208749979734421,-0.4208749979734421,1.0
41000,1.4348694,178.2,0.06834967,-0.16459999978542328,-0.16459999978542328,1.0
42000,1.4348694,199.0,0.03283056,-0.2,-0.2,1.0
43000,1.4348693,184.69230769230768,0.023255749,-0.30585714536053793,-0.30585714536053793,1.0
44000,1.4348693,199.0,0.015605861,0.0,0.0,1.0
45000,1.4348694,199.0,0.06817121,0.0,0.0,1.0
46000,1.4348694,199.0,0.025449023,0.0,0.0,1.0
47000,1.4348695,None,0.03875973,0.0,0.0,1.0
48000,1.4348695,199.0,0.057891548,0.0,0.0,1.0
49000,1.4397515,172.73333333333332,0.06407026,0.0,0.0,1.0
50000,1.4446317,199.0,0.017827384,-0.028166671593983967,-0.028166671593983967,1.0
51000,1.4446563,None,-0.020290727,-0.13000000019868216,-0.13000000019868216,1.0
52000,1.4446563,124.66666666666667,0.001181604,0.0,0.0,1.0
53000,1.4446563,176.83333333333334,-0.030857341,-0.32542857101985384,-0.32542857101985384,1.0
54000,1.4446563,196.2,0.03931968,0.01459999978542328,0.01459999978542328,1.0
55000,1.4446563,188.0,0.050186418,0.0,0.0,1.0
56000,1.4446563,199.0,-0.031702887,-0.2,-0.2,1.0
57000,1.4446563,199.0,0.017436396,0.0,0.0,1.0
58000,1.4446563,199.0,-0.035569064,0.0,0.0,1.0
59000,1.4446563,None,-0.00567063,0.0,0.0,1.0
60000,1.4446563,None,0.03819675,0.0,0.0,1.0
61000,1.4446563,199.0,0.03627922,0.0,0.0,1.0
62000,1.4418554,150.66666666666666,-0.0504788,-0.3333333333333333,-0.3333333333333333,1.0
63000,1.4398803,None,0.03526893,0.058333332339922585,0.058333332339922585,1.0
64000,None,None,-0.043752626,0.007375001907348633,0.007375001907348633,1.0
65000,1.4398803,199.0,-0.0007005401,-0.2,-0.2,1.0
66000,1.4398803,184.75,0.01214255,-0.2,-0.2,1.0
67000,1.4398803,199.0,-0.01615667,0.0,0.0,1.0
68000,1.4398801,199.0,0.040931165,0.0,0.0,1.0
69000,1.4398801,199.0,-0.0150916,0.0,0.0,1.0
70000,1.4398801,179.1,-0.046018966,0.0,0.0,1.0
71000,1.4398803,199.0,0.022294087,0.0,0.0,1.0
72000,1.4398803,199.0,0.0077133244,0.0,0.0,1.0
73000,1.4398801,None,0.051199723,0.2852857198034014,0.2852857198034014,1.0
74000,1.4465725,156.82608695652175,0.110746145,0.28962500393390656,0.28962500393390656,1.0
75000,1.4548846,199.0,-0.0039691324,-0.042166670163472496,-0.042166670163472496,1.0
76000,1.4548849,155.0,0.03713308,0.0,0.0,1.0
77000,1.4548849,199.0,-0.030229291,-0.06983333826065063,-0.06983333826065063,1.0
78000,1.4548845,199.0,0.04967158,0.07266666491826375,0.07266666491826375,1.0
79000,1.4548846,163.25,0.09402971,0.14240000247955323,0.14240000247955323,1.0
80000,1.4548848,199.0,0.008084806,0.0,0.0,1.0
81000,1.4548846,174.16666666666666,0.026607478,0.12449999650319417,0.12449999650319417,1.0
82000,1.4548849,182.33333333333334,0.058829784,0.08316666881243388,0.08316666881243388,1.0
83000,1.4548849,199.0,0.027673071,0.0,0.0,1.0
84000,1.4548849,199.0,-0.033483915,0.0,0.0,1.0
85000,1.4548849,None,0.03756832,0.0,0.0,1.0
86000,1.4498568,170.9047619047619,0.033860087,0.0,0.0,1.0
87000,1.4448255,199.0,0.068435006,0.28083332379659015,0.28083332379659015,1.0
88000,1.4448255,199.0,0.005099329,0.0,0.0,1.0
89000,1.4448255,132.66666666666666,0.047373336,0.18128571340015956,0.18128571340015956,1.0
90000,1.4448255,199.0,0.042857163,0.0,0.0,1.0
91000,1.4448254,184.5,0.08507031,0.21533333758513132,0.21533333758513132,1.0
92000,1.4448254,167.33333333333334,0.050858054,0.15783333778381348,0.15783333778381348,1.0
93000,1.4448254,194.16666666666666,0.04240161,0.028999999165534973,0.028999999165534973,1.0
94000,1.4448253,199.0,-0.013326777,0.0,0.0,1.0
95000,1.4448254,199.0,0.02389324,0.0,0.0,1.0
96000,1.4448253,199.0,-0.0004453853,0.0,0.0,1.0
97000,1.4448255,199.0,0.11515937,0.0,0.0,1.0
98000,1.4448255,None,0.029330656,0.0,0.0,1.0
99000,1.4402846,199.0,0.027709585,0.0,0.0,1.0
100000,1.4354599,199.0,0.066599265,0.0,0.0,1.0
101000,1.4354601,198.0,0.020119905,0.0,0.0,1.0
102000,1.4354601,199.0,0.014788416,0.0,0.0,1.0
103000,1.4354599,199.0,0.060988598,0.0019999999552965165,0.0019999999552965165,1.0
104000,1.43546,199.0,-0.0008823313,0.0,0.0,1.0
105000,1.4354601,199.0,0.072795495,0.0,0.0,1.0
106000,1.4354601,199.0,0.011135064,0.0,0.0,1.0
107000,1.4354601,173.0,0.039689105,0.0,0.0,1.0
108000,1.4354601,186.5625,0.021856146,0.15116666754086813,0.15116666754086813,1.0
109000,1.4354599,132.66666666666666,0.033523805,0.0,0.0,1.0
110000,1.4354599,106.0,0.017518032,0.0,0.0,1.0
111000,1.4363008,187.4,0.09794042,0.3660000041127205,0.3660000041127205,1.0
112000,1.4375719,199.0,0.03499804,0.14333333571751913,0.14333333571751913,1.0
113000,1.4375719,199.0,0.0035150684,0.0,0.0,1.0
114000,1.4375716,199.0,0.0026183259,0.0,0.0,1.0
115000,1.4375719,82.33333333333333,0.04635293,0.06000000238418579,0.06000000238418579,1.0
116000,1.4375716,199.0,0.058362585,0.2501428553036281,0.2501428553036281,1.0
117000,1.4375718,175.4,0.022633972,0.0,0.0,1.0
118000,1.4375718,199.0,0.029325375,0.1187999963760376,0.1187999963760376,1.0
119000,1.4375718,199.0,0.024592202,0.0,0.0,1.0
120000,1.4375718,177.16666666666666,0.051277254,0.10916666189829509,0.10916666189829509,1.0
121000,1.4375718,199.0,-0.0049262615,0.0,0.0,1.0
122000,1.4375716,165.0,0.02866516,0.0,0.0,1.0
123000,1.4375718,199.0,0.02020451,0.0,0.0,1.0
124000,1.4359481,158.15,0.039493877,0.06779999732971191,0.06779999732971191,1.0
125000,1.4302939,199.0,0.023724658,0.1478333373864492,0.1478333373864492,1.0
126000,1.4302939,199.0,0.06095445,0.33137500286102295,0.33137500286102295,1.0
127000,1.4302939,199.0,0.027269244,0.11100000143051147,0.11100000143051147,1.0
128000,1.4302939,199.0,0.012845593,0.0,0.0,1.0
129000,1.4302939,199.0,0.009755952,0.0,0.0,1.0
130000,1.4302939,199.0,-2.6623904e-05,0.0,0.0,1.0
131000,1.4302939,174.5,0.057798374,0.12183333436648051,0.12183333436648051,1.0
132000,1.4302939,156.0,0.06456287,0.21471428871154785,0.21471428871154785,1.0
133000,1.4302939,178.8,0.024154177,0.10099999904632569,0.10099999904632569,1.0
134000,1.4302939,198.44444444444446,0.011965452,0.004800000041723251,0.004800000041723251,1.0
135000,1.4302939,199.0,-0.007844655,0.0,0.0,1.0
136000,1.4273952,156.1578947368421,0.03132464,0.0,0.0,1.0
137000,1.4236599,199.0,-0.0030949502,0.0,0.0,1.0
138000,1.4236622,93.0,0.10196601,0.3819999959733751,0.3819999959733751,1.0
139000,1.4236622,199.0,0.034359835,0.1259999990463257,0.1259999990463257,1.0
140000,1.4236622,199.0,0.024898557,0.08883333206176758,0.08883333206176758,1.0
141000,1.4236622,199.0,0.03732991,0.0,0.0,1.0
142000,1.4236622,168.57142857142858,0.039480414,0.1776666690905889,0.1776666690905889,1.0
143000,1.4236622,158.0,0.08974489,0.1710000013311704,0.1710000013311704,1.0
144000,1.4236622,129.57142857142858,0.096191026,0.34771428789411274,0.34771428789411274,1.0
145000,1.4236623,199.0,0.012255068,0.0,0.0,1.0
146000,1.4236622,167.16666666666666,0.08019479,0.15899999936421713,0.15899999936421713,1.0
147000,1.4236622,186.83333333333334,0.009341682,0.12149999539057414,0.12149999539057414,1.0
148000,1.4236622,199.0,0.014477668,0.0,0.0,1.0
149000,1.4225816,179.44444444444446,0.014259544,0.0,0.0,1.0
150000,1.4200326,199.0,0.0042749643,0.0,0.0,1.0
151000,1.4200327,None,0.047247685,0.2515714338847569,0.2515714338847569,1.0
152000,1.4200326,199.0,0.03723692,0.0,0.0,1.0
153000,1.4200327,199.0,0.039161704,0.0,0.0,1.0
154000,1.4200326,170.16666666666666,0.045698628,0.14466666181882223,0.14466666181882223,1.0
155000,1.4200326,185.6,0.025761869,0.06779999732971191,0.06779999732971191,1.0
156000,1.4200327,199.0,0.0077856495,0.0,0.0,1.0
157000,1.4200326,145.57142857142858,0.15577288,0.26671429191316876,0.26671429191316876,1.0
158000,1.4200326,199.0,-0.0047639506,0.0,0.0,1.0
159000,1.4200327,178.4,0.17376721,0.10300000011920929,0.10300000011920929,1.0
160000,1.4200327,177.22222222222223,0.028332507,0.16383333007494608,0.16383333007494608,1.0
161000,1.4209162,174.33333333333334,0.016957147,0.0,0.0,1.0
162000,1.420537,199.0,0.05574158,0.16250000397364298,0.16250000397364298,1.0
163000,1.420537,199.0,0.04936051,0.1350000003973643,0.1350000003973643,1.0
164000,1.4205368,199.0,0.093471415,0.13383332888285318,0.13383332888285318,1.0
165000,1.4205368,None,0.00447918,0.0,0.0,1.0
166000,1.4205369,199.0,-0.021636534,0.0,0.0,1.0
167000,1.420537,186.0,0.12185516,0.06539999842643737,0.06539999842643737,1.0
168000,1.4205368,172.0,0.046390045,0.13566666841506958,0.13566666841506958,1.0
169000,1.4205369,199.0,-0.005799691,0.0,0.0,1.0
170000,1.4205368,183.4,0.02754181,0.0787999987602234,0.0787999987602234,1.0
171000,1.4205369,133.25,0.09924054,0.3291250020265579,0.3291250020265579,1.0
172000,1.420537,168.14285714285714,0.07326684,0.1801666667064031,0.1801666667064031,1.0
173000,1.4176289,181.625,0.04565719,0.15466666221618652,0.15466666221618652,1.0
174000,1.4142244,199.0,0.0033642773,0.0,0.0,1.0
175000,1.4142244,None,0.04181375,0.12416666746139526,0.12416666746139526,1.0
176000,1.4142244,199.0,0.006413041,0.0,0.0,1.0
177000,1.4142243,199.0,0.03995445,0.08259999752044678,0.08259999752044678,1.0
178000,1.4142244,199.0,0.009992562,0.0,0.0,1.0
179000,1.4142243,152.85714285714286,0.123509884,0.23071428281920298,0.23071428281920298,1.0
180000,1.4142244,199.0,0.05101443,0.0,0.0,1.0
181000,1.4142241,188.4,0.017180197,0.052799999713897705,0.052799999713897705,1.0
182000,1.4142243,176.66666666666666,0.04334809,0.11216666301091512,0.11216666301091512,1.0
183000,1.4142243,180.4,0.04336638,0.09279999732971192,0.09279999732971192,1.0
184000,1.4142243,164.42857142857142,0.04549648,0.06799999872843425,0.06799999872843425,1.0
185000,1.4160767,179.24,0.26311657,0.3047142837728773,0.3047142837728773,1.0
186000,1.4223057,0.0,0.051293425,0.0,0.0,1.0
187000,1.4223058,None,0.024834575,0.0,0.0,1.0
188000,1.4223057,95.0,0.040307947,0.1242000013589859,0.1242000013589859,1.0
189000,1.4223058,199.0,0.20386207,0.2902857150350298,0.2902857150350298,1.0
190000,1.4223057,178.16666666666666,0.04381967,0.10416666666666667,0.10416666666666667,1.0
191000,1.4223058,157.25,0.103059955,0.23800000974110194,0.23800000974110194,1.0
192000,1.4223058,163.75,0.10580385,0.14019999504089356,0.14019999504089356,1.0
193000,1.4223057,129.5,0.07033194,0.3043749965727329,0.3043749965727329,1.0
194000,1.4223056,170.83333333333334,0.10637632,0.20033332705497742,0.20033332705497742,1.0
195000,1.4223057,175.33333333333334,0.091473185,0.11883333325386047,0.11883333325386047,1.0
196000,1.4223057,149.14285714285714,0.08494408,0.24942857027053833,0.24942857027053833,1.0
197000,1.4219673,168.24,0.14211114,0.2643333276112874,0.2643333276112874,1.0
198000,1.41989,199.0,0.107189395,0.14016667008399963,0.14016667008399963,1.0
199000,1.41989,199.0,0.048643358,0.0,0.0,1.0
200000,1.41989,120.33333333333333,0.07646433,0.148499995470047,0.148499995470047,1.0
201000,1.4198903,2.0,0.13099006,0.10440000295639038,0.10440000295639038,1.0
202000,1.4198902,193.6,0.14560515,0.28687499836087227,0.28687499836087227,1.0
203000,1.4198903,141.33333333333334,0.0754999,0.28816666702429455,0.28816666702429455,1.0
204000,1.4198903,166.16666666666666,0.053945366,0.1646666626135508,0.1646666626135508,1.0
205000,1.4198903,168.85714285714286,0.12775418,0.17549999554951987,0.17549999554951987,1.0
206000,1.4198903,199.0,0.026807178,0.0,0.0,1.0
207000,1.4198903,158.85714285714286,0.09957034,0.11550000309944153,0.11550000309944153,1.0
208000,1.41989,199.0,0.26966426,0.1181666652361552,0.1181666652361552,1.0
209000,1.4198903,179.66666666666666,0.13238868,0.054799997806549074,0.054799997806549074,1.0
210000,1.4177835,172.23809523809524,0.117518984,0.17999999721844992,0.17999999721844992,1.0
211000,1.4140898,None,0.08964163,0.1451666628321012,0.1451666628321012,1.0
212000,1.41409,184.0,0.025194816,0.1359999974568685,0.1359999974568685,1.0
213000,1.41409,144.0,0.035437685,0.06819999814033509,0.06819999814033509,1.0
214000,1.41409,112.0,0.13138483,0.31562499701976776,0.31562499701976776,1.0
215000,1.4140899,199.0,0.004900696,0.0,0.0,1.0
216000,1.41409,148.5,0.13851094,0.25366666664679843,0.25366666664679843,1.0
217000,1.4140898,169.85714285714286,0.07393736,0.12116666634877522,0.12116666634877522,1.0
218000,1.41409,147.0,0.1390817,0.2622857093811035,0.2622857093811035,1.0
219000,1.41409,146.33333333333334,0.15671931,0.19866666508217654,0.19866666508217654,1.0
220000,1.4140898,199.0,0.033265933,0.08140000104904174,0.08140000104904174,1.0
221000,1.4140898,161.33333333333334,0.23100556,0.16114286014011928,0.16114286014011928,1.0
222000,1.4142073,166.34782608695653,0.08715165,0.1440000057220459,0.1440000057220459,1.0
223000,1.4130981,155.0,0.087797664,0.13899999856948853,0.13899999856948853,1.0
224000,1.4130981,99.0,0.09662924,0.21028571043695723,0.21028571043695723,1.0
225000,1.4130983,199.0,0.09033659,0.14600000381469727,0.14600000381469727,1.0
226000,1.4130983,199.0,0.08672387,0.157000000278155,0.157000000278155,1.0
227000,1.4130983,138.375,0.19700047,0.30387499928474426,0.30387499928474426,1.0
228000,1.4130983,138.57142857142858,0.16005301,0.30185714789799284,0.30185714789799284,1.0
229000,1.4130983,199.0,0.025077596,0.0,0.0,1.0
230000,1.4130983,172.8,0.08638816,0.13179999589920044,0.13179999589920044,1.0
231000,1.4130982,163.0,0.16272318,-0.004571428655513695,-0.004571428655513695,1.0
232000,1.4130982,159.16666666666666,0.17232221,0.15066666870067516,0.15066666870067516,1.0
233000,1.4130981,153.0,0.106185436,0.2776666631301244,0.2776666631301244,1.0
234000,1.4139969,152.52,0.14330232,0.04783333341280619,0.04783333341280619,1.0
235000,1.4148072,100.0,0.10298185,0.07260000109672546,0.07260000109672546,1.0
236000,1.414807,112.5,0.17062734,0.4836666643516057,0.4836666643516057,1.0
237000,1.414807,None,0.06518867,0.13616666197776794,0.13616666197776794,1.0
238000,1.4148072,150.75,0.15318948,0.41449999436736107,0.41449999436736107,1.0
239000,1.4148072,157.33333333333334,0.10708866,0.18571428236152446,0.18571428236152446,1.0
240000,1.4148072,199.0,0.097988084,0.11399999856948853,0.11399999856948853,1.0
241000,1.414807,124.11111111111111,0.1901078,0.37511111464765334,0.37511111464765334,1.0
242000,1.414807,160.0,0.056229472,0.13200000524520875,0.13200000524520875,1.0
243000,1.414807,151.75,0.11358673,0.2634285773549761,0.2634285773549761,1.0
244000,1.4148071,181.16666666666666,0.057436664,0.08966666460037231,0.08966666460037231,1.0
245000,1.4148071,140.71428571428572,0.13348189,0.24766666690508524,0.24766666690508524,1.0
246000,1.4148071,187.2,0.16454391,0.09366667006785671,0.09366667006785671,1.0
247000,1.4162194,167.1875,0.18855394,0.18050000071525574,0.18050000071525574,1.0
248000,1.4171495,115.0,0.04795397,0.05680000185966492,0.05680000185966492,1.0
249000,1.4171493,156.33333333333334,0.21175514,0.3295714259147644,0.3295714259147644,1.0
250000,1.4171495,199.0,0.10745194,0.10633333524068196,0.10633333524068196,1.0
251000,1.4171494,199.0,0.007823167,0.0,0.0,1.0
252000,1.4171495,157.0,0.16555914,0.19400000323851904,0.19400000323851904,1.0
253000,1.4171495,195.6,0.12843284,0.03739999979734421,0.03739999979734421,1.0
254000,1.4171493,162.125,0.17260316,0.18571428741727555,0.18571428741727555,1.0
255000,1.4171495,170.57142857142858,0.119493306,-0.025833336015542347,-0.025833336015542347,1.0
256000,1.4171494,156.0,0.12413031,0.12979999780654908,0.12979999780654908,1.0
257000,1.4171493,131.3,0.15361184,0.33588889241218567,0.33588889241218567,1.0
258000,1.4171495,112.71428571428571,0.19546202,0.3464285731315613,0.3464285731315613,1.0
259000,1.4157133,127.8695652173913,0.25910032,0.44966666566001046,0.44966666566001046,1.0
260000,1.41041,None,0.07500231,0.19350000222524008,0.19350000222524008,1.0
261000,1.41041,70.25,0.2399905,0.22562500461935997,0.22562500461935997,1.0
262000,1.41041,177.16666666666666,0.18457618,0.3571111096276177,0.3571111096276177,1.0
263000,1.41041,152.75,0.14471792,0.26350000003973645,0.26350000003973645,1.0
264000,1.41041,167.0,0.17989606,0.18633333345254263,0.18633333345254263,1.0
265000,1.41041,93.11111111111111,0.20360224,0.4770000033080578,0.4770000033080578,1.0
266000,1.41041,171.42857142857142,0.1363599,0.13466666638851166,0.13466666638851166,1.0
267000,1.41041,154.4,0.12545858,0.09883333121736844,0.09883333121736844,1.0
268000,1.41041,127.375,0.15981574,0.3751428624881165,0.3751428624881165,1.0
269000,1.41041,139.85714285714286,0.22079504,-0.06287500262260437,-0.06287500262260437,1.0
270000,1.41041,118.22222222222223,0.18715096,0.4037777814600203,0.4037777814600203,1.0
271000,1.41385,125.68181818181819,0.11914094,0.13739999532699584,0.13739999532699584,1.0
272000,1.4174212,155.0,0.19139913,0.4522999942302704,0.4522999942302704,1.0
273000,1.4174212,199.0,0.1872334,0.20224999636411667,0.20224999636411667,1.0
274000,1.4174212,199.0,0.124215946,0.08679999858140945,0.08679999858140945,1.0
275000,1.4174212,111.0,0.19491611,0.28337500244379044,0.28337500244379044,1.0
276000,1.4174212,169.33333333333334,0.15297629,0.2846666673819224,0.2846666673819224,1.0
277000,1.4174212,123.77777777777777,0.16840132,0.37644444902737934,0.37644444902737934,1.0
278000,1.4174211,119.28571428571429,0.16043629,0.1587142859186445,0.1587142859186445,1.0
279000,1.4174212,166.16666666666666,0.13014656,0.16500000158945718,0.16500000158945718,1.0
280000,1.4174211,131.25,0.19772027,0.3393749948590994,0.3393749948590994,1.0
281000,1.4174212,177.83333333333334,0.1273713,0.10499999672174454,0.10499999672174454,1.0
282000,1.4174212,135.28571428571428,0.12434453,0.31857143129621235,0.31857143129621235,1.0
283000,1.4167349,119.8,0.15539396,0.0470000005194119,0.0470000005194119,1.0
284000,None,None,0.14559177,0.39842856781823294,0.39842856781823294,1.0
285000,None,None,0.1560648,0.47999999739907007,0.47999999739907007,1.0
286000,1.415471,150.66666666666666,0.1595519,0.19966666400432587,0.19966666400432587,1.0
287000,1.415471,167.16666666666666,0.18219496,0.2488333284854889,0.2488333284854889,1.0
288000,1.415471,150.0,0.11178459,0.18442856733288085,0.18442856733288085,1.0
289000,1.415471,141.5,0.14087161,0.3064285750899996,0.3064285750899996,1.0
290000,1.415471,151.66666666666666,0.16063128,0.2854285729782922,0.2854285729782922,1.0
291000,1.4154707,110.75,0.18637425,0.4403750076889992,0.4403750076889992,1.0
292000,1.4154708,145.42857142857142,0.14296003,0.2672857131276812,0.2672857131276812,1.0
293000,1.415471,137.57142857142858,0.20575528,0.2748571378844125,0.2748571378844125,1.0
294000,1.415471,154.57142857142858,0.14908966,0.25485714418547495,0.25485714418547495,1.0
295000,1.4165494,131.41666666666666,0.19435622,0.2113333319624265,0.2113333319624265,1.0
296000,1.4135417,28.0,0.2924367,0.2734285704791546,0.2734285704791546,1.0
297000,1.4135417,133.0,0.18285602,0.4150000082121955,0.4150000082121955,1.0
298000,1.4135417,126.66666666666667,0.32702196,0.4463333288828532,0.4463333288828532,1.0
299000,1.4135417,124.57142857142857,0.17712641,0.15257142697061812,0.15257142697061812,1.0
300000,1.4135417,111.55555555555556,0.28833428,0.4888888854119513,0.4888888854119513,1.0
301000,1.4135417,158.28571428571428,0.1496302,0.010857140379292625,0.010857140379292625,1.0
302000,1.4135417,143.28571428571428,0.19620077,0.31071427890232634,0.31071427890232634,1.0
303000,1.4135417,129.625,0.29305997,0.3466249965131283,0.3466249965131283,1.0
304000,1.4135417,80.18181818181819,0.26532474,0.5409999977458607,0.5409999977458607,1.0
305000,1.4135416,101.0,0.2174552,0.4994000017642975,0.4994000017642975,1.0
306000,1.4135417,102.2,0.27193186,0.5327000021934509,0.5327000021934509,1.0
307000,1.412372,120.36,0.17411797,0.33471429347991943,0.33471429347991943,1.0
308000,1.4067699,61.0,0.2421609,0.3387500047683716,0.3387500047683716,1.0
309000,1.4067701,154.25,0.26835304,0.4198888912796974,0.4198888912796974,1.0
310000,1.4067701,151.0,0.303808,0.40837499825283885,0.40837499825283885,1.0
311000,1.4067699,143.33333333333334,0.22191878,0.27857143112591337,0.27857143112591337,1.0
312000,1.4067699,149.83333333333334,0.2073478,0.2738571422440665,0.2738571422440665,1.0
313000,1.40677,107.75,0.30196816,0.45612499862909317,0.45612499862909317,1.0
314000,1.4067701,149.71428571428572,0.16863297,0.22599999819483077,0.22599999819483077,1.0
315000,1.40677,103.88888888888889,0.26669583,0.42811112271414864,0.42811112271414864,1.0
316000,1.4067699,117.44444444444444,0.28710487,0.4699999988079071,0.4699999988079071,1.0
317000,1.4067699,106.11111111111111,0.25196993,0.37533333235316807,0.37533333235316807,1.0
318000,1.4067701,113.88888888888889,0.27324444,0.30787500366568565,0.30787500366568565,1.0
319000,1.406301,130.25,0.21331395,0.1860000001532691,0.1860000001532691,1.0
320000,1.4041678,106.0,0.20475823,0.4434444308280945,0.4434444308280945,1.0
321000,1.404168,86.5,0.26038963,0.37437499687075615,0.37437499687075615,1.0
322000,1.4041678,193.75,0.19949457,0.3322857219193663,0.3322857219193663,1.0
323000,1.4041679,104.625,0.26228726,0.382125006057322,0.382125006057322,1.0
324000,1.4041678,126.85714285714286,0.24141672,0.3563750069588423,0.3563750069588423,1.0
325000,1.4041678,159.71428571428572,0.17958203,0.2618571434702192,0.2618571434702192,1.0
326000,1.404168,122.625,0.13244197,0.2865714297762939,0.2865714297762939,1.0
327000,1.404168,116.11111111111111,0.27119797,0.4779000014066696,0.4779000014066696,1.0
328000,1.4041678,125.44444444444444,0.26424688,0.2961428591183254,0.2961428591183254,1.0
329000,1.4041681,86.125,0.31064633,0.5743999928236008,0.5743999928236008,1.0
330000,1.404168,97.2,0.22782795,0.44229999780654905,0.44229999780654905,1.0
331000,1.4047039,130.89285714285714,0.16410406,0.3046666714880202,0.3046666714880202,1.0
332000,1.4047331,110.66666666666667,0.16890678,0.38449999690055847,0.38449999690055847,1.0
333000,1.4047328,140.0,0.23775256,0.22883333762486777,0.22883333762486777,1.0
334000,1.4047331,None,0.26432842,0.3848749976605177,0.3848749976605177,1.0
335000,1.4047331,81.0,0.26631597,0.49639999866485596,0.49639999866485596,1.0
336000,1.404733,111.33333333333333,0.18912032,0.4073333289060328,0.4073333289060328,1.0
337000,1.4047328,123.66666666666667,0.19895282,0.4135555583569739,0.4135555583569739,1.0
338000,1.4047328,97.22222222222223,0.107409105,-0.08155555526415507,-0.08155555526415507,1.0
339000,1.4047328,136.85714285714286,0.18042241,0.36557142649378094,0.36557142649378094,1.0
340000,1.4047327,105.16666666666667,0.28160122,0.4972727264870297,0.4972727264870297,1.0
341000,1.4047331,88.11111111111111,0.23366909,0.5150999963283539,0.5150999963283539,1.0
342000,1.4047327,82.9090909090909,0.32182443,0.6130909106948159,0.6130909106948159,1.0
343000,1.4051936,102.28571428571429,0.2438674,0.4647272784601558,0.4647272784601558,1.0
344000,1.4058626,None,0.240754,0.4122499991208315,0.4122499991208315,1.0
345000,1.4058625,83.5,0.25584632,0.5148000001907349,0.5148000001907349,1.0
346000,1.4058625,120.33333333333333,0.31777826,0.4704000115394592,0.4704000115394592,1.0
347000,1.4058625,95.88888888888889,0.2712863,0.45677778455946183,0.45677778455946183,1.0
348000,1.4058626,108.22222222222223,0.2738837,0.4601111114025116,0.4601111114025116,1.0
349000,1.4058626,115.7,0.2255629,0.3007000029087067,0.3007000029087067,1.0
350000,1.4058623,91.0,0.33680743,0.5570909082889557,0.5570909082889557,1.0
351000,1.4058625,137.5,0.2708768,0.3122857170445578,0.3122857170445578,1.0
352000,1.4058625,65.0,0.35466203,0.623500006539481,0.623500006539481,1.0
353000,1.4058626,98.77777777777777,0.30292663,0.397299998998642,0.397299998998642,1.0
354000,1.4058626,94.41666666666667,0.31373847,0.4954999953508377,0.4954999953508377,1.0
355000,1.4064647,87.58064516129032,0.30383423,0.6019999959639141,0.6019999959639141,1.0
356000,None,None,0.30056667,0.5540000014007092,0.5540000014007092,1.0
357000,1.4098471,134.33333333333334,0.22945228,0.417624993249774,0.417624993249774,1.0
358000,1.4098471,95.875,0.24573442,0.47329999804496764,0.47329999804496764,1.0
359000,1.4098471,84.16666666666667,0.33913592,0.5665000056227049,0.5665000056227049,1.0
360000,1.4098471,68.15384615384616,0.34150907,0.6417692297926316,0.6417692297926316,1.0
361000,1.4098471,82.33333333333333,0.2838501,0.4515833333134651,0.4515833333134651,1.0
362000,1.4098471,130.8,0.23493317,0.43544444772932267,0.43544444772932267,1.0
363000,1.4098471,117.85714285714286,0.19631623,0.3255714305809566,0.3255714305809566,1.0
364000,1.4098471,83.58333333333333,0.3377562,0.5758461470787342,0.5758461470787342,1.0
365000,1.4098471,69.07692307692308,0.27786073,0.6228333314259847,0.6228333314259847,1.0
366000,1.4098471,102.9,0.29167825,0.4849000036716461,0.4849000036716461,1.0
367000,1.4098471,87.72727272727273,0.3154807,0.5534999966621399,0.5534999966621399,1.0
368000,1.4094262,100.48,0.33469492,0.48918181928721344,0.48918181928721344,1.0
369000,1.40681,199.0,0.31640875,0.5531818216497247,0.5531818216497247,1.0
370000,1.40681,124.0,0.21940626,0.3384285739489964,0.3384285739489964,1.0
371000,1.40681,51.333333333333336,0.39352685,0.6366249994025566,0.6366249994025566,1.0
372000,1.4068099,96.4,0.30900007,0.5183999896049499,0.5183999896049499,1.0
373000,1.4068098,100.91666666666667,0.4105297,0.5692500074704488,0.5692500074704488,1.0
374000,1.4068098,106.77777777777777,0.27557665,0.29044444693459404,0.29044444693459404,1.0
375000,1.40681,90.4,0.37913418,0.3998181847008792,0.3998181847008792,1.0
376000,1.4068098,99.3,0.20086908,0.48239999935030936,0.48239999935030936,1.0
377000,1.4068098,73.66666666666667,0.31685427,0.48458333561817807,0.48458333561817807,1.0
378000,1.40681,90.9090909090909,0.33783105,0.5457272746346213,0.5457272746346213,1.0
379000,1.4068098,94.0,0.29570475,0.4729999899864197,0.4729999899864197,1.0
380000,1.407247,107.38095238095238,0.28864363,0.2958333343267441,0.2958333343267441,1.0
381000,1.4077739,107.33333333333333,0.24435887,0.442800001706928,0.442800001706928,1.0
382000,1.4077739,87.0,0.36593106,0.41563636335459625,0.41563636335459625,1.0
383000,1.4077739,106.875,0.286153,0.4564444422721863,0.4564444422721863,1.0
384000,1.4077739,100.5,0.26250547,0.49670000076293946,0.49670000076293946,1.0
385000,1.4077739,83.08333333333333,0.36982778,0.6134545423767783,0.6134545423767783,1.0
386000,1.4077739,92.72727272727273,0.3750242,0.5200833380222321,0.5200833380222321,1.0
387000,1.4077739,74.92857142857143,0.3571377,0.6064615341333243,0.6064615341333243,1.0
388000,1.4077739,53.76470588235294,0.4204595,0.7548333290550444,0.7548333290550444,1.0
389000,1.4077739,65.5,0.3717303,0.6389285666601998,0.6389285666601998,1.0
390000,1.4077739,71.28571428571429,0.38334394,0.6205000068460192,0.6205000068460192,1.0
391000,1.4077739,91.33333333333333,0.4003564,0.5938333223263422,0.5938333223263422,1.0
392000,1.408571,85.68,0.37504473,0.5372727269476111,0.5372727269476111,1.0
393000,None,None,0.42962536,0.61749999721845,0.61749999721845,1.0
394000,1.41303,83.88888888888889,0.33190283,0.5472727302800525,0.5472727302800525,1.0
395000,1.41303,97.72727272727273,0.2988039,0.46859999299049376,0.46859999299049376,1.0
396000,1.4130298,104.33333333333333,0.27814403,0.32639999538660047,0.32639999538660047,1.0
397000,1.4130298,80.83333333333333,0.34554523,0.5100909092209556,0.5100909092209556,1.0
398000,1.4130298,83.72727272727273,0.32517162,0.5897499981025854,0.5897499981025854,1.0
399000,1.4130297,71.8,0.38352686,0.6368571434702192,0.6368571434702192,1.0
400000,1.4130298,80.81818181818181,0.34617546,0.603166659673055,0.603166659673055,1.0
401000,1.4130298,71.14285714285714,0.39067766,0.6254999956914357,0.6254999956914357,1.0
402000,1.41303,88.75,0.41039062,0.5948333342870077,0.5948333342870077,1.0
403000,1.4130299,54.21052631578947,0.3721429,0.7081111090050803,0.7081111090050803,1.0
404000,1.4125108,79.6,0.40844274,0.663928570491927,0.663928570491927,1.0
405000,None,None,0.3221316,0.5779166662444671,0.5779166662444671,1.0
406000,1.4124786,70.76923076923077,0.3588632,0.6460833276311556,0.6460833276311556,1.0
407000,1.4124786,79.53846153846153,0.2922223,0.5397692208106701,0.5397692208106701,1.0
408000,1.4124786,81.58333333333333,0.4310463,0.6443846156963935,0.6443846156963935,1.0
409000,1.4124784,77.33333333333333,0.3169038,0.5520833308498064,0.5520833308498064,1.0
410000,1.4124784,57.75,0.38259485,0.701749999076128,0.701749999076128,1.0
411000,1.4124784,94.41666666666667,0.372725,0.5852500001589457,0.5852500001589457,1.0
412000,1.4124784,81.9090909090909,0.29826874,0.4775000065565109,0.4775000065565109,1.0
413000,1.4124784,86.66666666666667,0.37690976,0.6184999992450079,0.6184999992450079,1.0
414000,1.4124784,68.06666666666666,0.40941644,0.6689999904483557,0.6689999904483557,1.0
415000,1.4124787,65.0,0.39515835,0.60530768850675,0.60530768850675,1.0
416000,1.4120789,67.66666666666667,0.45897675,0.7113749906420708,0.7113749906420708,1.0
417000,1.4111402,87.0,0.43317673,0.6351538472450696,0.6351538472450696,1.0
418000,1.4111403,62.92307692307692,0.403156,0.6237333337465922,0.6237333337465922,1.0
419000,1.4111403,89.41666666666667,0.4357275,0.6097500030882657,0.6097500030882657,1.0
420000,1.4111403,95.3,0.3433296,0.5174999922513962,0.5174999922513962,1.0
421000,1.4111402,65.53333333333333,0.40624738,0.6104285674435752,0.6104285674435752,1.0
422000,1.4111402,61.4,0.44412303,0.6921874973922968,0.6921874973922968,1.0
423000,1.4111403,76.07692307692308,0.40182054,0.6229230761528015,0.6229230761528015,1.0
424000,1.4111402,70.14285714285714,0.443088,0.6385000007493156,0.6385000007493156,1.0
425000,1.4111403,55.26315789473684,0.45483977,0.7232222292158339,0.7232222292158339,1.0
426000,1.4111403,53.76470588235294,0.43789998,0.735722225262887,0.735722225262887,1.0
427000,1.4111403,76.15384615384616,0.3995137,0.6046923169722924,0.6046923169722924,1.0
428000,1.4105016,57.57142857142857,0.46855053,0.7428500056266785,0.7428500056266785,1.0
429000,1.4072798,93.6,0.43969145,0.662333341439565,0.662333341439565,1.0
430000,1.4072798,77.22222222222223,0.42594215,0.5977499956885973,0.5977499956885973,1.0
431000,1.4072798,47.5,0.5158755,0.7185555497805277,0.7185555497805277,1.0
432000,1.4072798,67.4,0.47793368,0.6690000012516976,0.6690000012516976,1.0
433000,1.4072798,45.19047619047619,0.5303058,0.7645238056069329,0.7645238056069329,1.0
434000,1.4072798,65.46666666666667,0.49005586,0.7079999963442485,0.7079999963442485,1.0
435000,1.4072798,65.875,0.48092726,0.634375000372529,0.634375000372529,1.0
436000,1.4072798,56.888888888888886,0.4919911,0.7154705822467804,0.7154705822467804,1.0
437000,1.4072798,85.33333333333333,0.40726078,0.6117692337586329,0.6117692337586329,1.0
438000,1.4072798,62.06666666666667,0.43779665,0.642428572688784,0.642428572688784,1.0
439000,1.4072798,51.21052631578947,0.5109317,0.7326666663090388,0.7326666663090388,1.0
440000,1.4054995,68.04166666666667,0.43659106,0.6466666658719381,0.6466666658719381,1.0
441000,1.4023112,74.5,0.4437318,0.6880666668216388,0.6880666668216388,1.0
442000,1.4023112,58.166666666666664,0.50249773,0.7012352925889632,0.7012352925889632,1.0
443000,1.4023112,56.26315789473684,0.5129225,0.7286842088950308,0.7286842088950308,1.0
444000,1.4023112,55.142857142857146,0.48499066,0.6736666699250539,0.6736666699250539,1.0
445000,1.4023112,55.611111111111114,0.51037586,0.7228888836171892,0.7228888836171892,1.0
446000,1.4023112,51.31578947368421,0.49332905,0.7331578966818357,0.7331578966818357,1.0
447000,1.4023112,58.44444444444444,0.514632,0.7055294092963723,0.7055294092963723,1.0
448000,1.4023112,47.27272727272727,0.51456696,0.7560952383847463,0.7560952383847463,1.0
449000,1.4023112,56.86666666666667,0.50399595,0.7082941181519452,0.7082941181519452,1.0
450000,1.4023112,54.0,0.54115844,0.7317894673661182,0.7317894673661182,1.0
451000,1.4023112,48.0,0.54925644,0.7418421020633296,0.7418421020633296,1.0
452000,1.4024253,50.903225806451616,0.5143186,0.7148235317538766,0.7148235317538766,1.0
453000,1.4037762,49.333333333333336,0.53342813,0.7769090939651836,0.7769090939651836,1.0
454000,1.4037762,51.26086956521739,0.528936,0.7447999969124794,0.7447999969124794,1.0
455000,1.4037762,47.1764705882353,0.5139271,0.7461999922990799,0.7461999922990799,1.0
456000,1.4037762,62.375,0.49671656,0.6807500049471855,0.6807500049471855,1.0
457000,1.4037762,53.0,0.4967464,0.7290555586417516,0.7290555586417516,1.0
458000,1.4037762,51.77777777777778,0.52836627,0.7355263107701352,0.7355263107701352,1.0
459000,1.4037762,41.851851851851855,0.54670423,0.8011999940872192,0.8011999940872192,1.0
460000,1.4037762,50.23529411764706,0.5026577,0.7431052656550157,0.7431052656550157,1.0
461000,1.403776,39.458333333333336,0.5554647,0.7933749991158644,0.7933749991158644,1.0
462000,1.4037762,49.7,0.49439806,0.7392000012099743,0.7392000012099743,1.0
463000,1.4037762,44.86363636363637,0.52187824,0.7784090881997888,0.7784090881997888,1.0
464000,1.4034402,47.14705882352941,0.47036752,0.7035294157617232,0.7035294157617232,1.0
465000,1.3981342,48.5,0.5876191,0.7895000005761782,0.7895000005761782,1.0
466000,1.3981342,51.94444444444444,0.57507294,0.7332631537788793,0.7332631537788793,1.0
467000,1.3981342,41.73913043478261,0.5892372,0.7820000078367151,0.7820000078367151,1.0
468000,1.3981342,37.51851851851852,0.5977703,0.817615385238941,0.817615385238941,1.0
469000,1.3981342,48.45,0.5759466,0.75623809723627,0.75623809723627,1.0
470000,1.3981342,46.45454545454545,0.56698,0.764809521890822,0.764809521890822,1.0
471000,1.3981342,43.28,0.5589615,0.7740434770998748,0.7740434770998748,1.0
472000,1.3981342,40.666666666666664,0.57817745,0.7831739083580349,0.7831739083580349,1.0
473000,1.3981342,39.791666666666664,0.58444023,0.7983999991416931,0.7983999991416931,1.0
474000,1.3981342,43.78260869565217,0.58091885,0.7754545455629175,0.7754545455629175,1.0
475000,1.3981342,38.08,0.5857864,0.7982000017166138,0.7982000017166138,1.0
476000,1.3984826,48.588235294117645,0.56905437,0.7263888898822997,0.7263888898822997,1.0
477000,1.4011031,45.0,0.5760806,0.764904763017382,0.764904763017382,1.0
478000,1.401103,37.6,0.6176915,0.8268571474722454,0.8268571474722454,1.0
479000,1.4011031,42.21739130434783,0.58570474,0.7619999972256747,0.7619999972256747,1.0
480000,1.4011033,37.56,0.6204007,0.8123333343753109,0.8123333343753109,1.0
481000,1.4011031,41.56521739130435,0.6191853,0.7919999982999719,0.7919999982999719,1.0
482000,1.4011031,41.52,0.5883616,0.8000399947166443,0.8000399947166443,1.0
483000,1.4011031,36.925925925925924,0.58975226,0.7845416652659575,0.7845416652659575,1.0
484000,1.4011031,41.2962962962963,0.62849873,0.8123076970760639,0.8123076970760639,1.0
485000,1.4011034,43.666666666666664,0.608373,0.7673181864348325,0.7673181864348325,1.0
486000,1.4011031,40.833333333333336,0.61438257,0.7880869611449863,0.7880869611449863,1.0
487000,1.4011033,38.875,0.61396754,0.8013199996948243,0.8013199996948243,1.0
488000,1.4008988,44.13953488372093,0.6030309,0.7923200011253357,0.7923200011253357,1.0
489000,1.395957,39.7,0.60971147,0.7491578898931804,0.7491578898931804,1.0
490000,1.395957,42.25,0.6506725,0.7877083284159502,0.7877083284159502,1.0
491000,1.3959572,39.208333333333336,0.6394177,0.8040400004386902,0.8040400004386902,1.0
492000,1.395957,35.07142857142857,0.6638493,0.8189285716840199,0.8189285716840199,1.0
493000,1.3959571,40.833333333333336,0.610943,0.7902916595339775,0.7902916595339775,1.0
494000,1.395957,37.925925925925924,0.6231006,0.7955999994277954,0.7955999994277954,1.0
495000,1.395957,36.76923076923077,0.6369484,0.8153703654253924,0.8153703654253924,1.0
496000,1.3959571,33.892857142857146,0.63551724,0.8258275862397819,0.8258275862397819,1.0
497000,1.3959572,35.48275862068966,0.67971456,0.8289642823593957,0.8289642823593957,1.0
498000,1.395957,35.92307692307692,0.63232315,0.8012692297880466,0.8012692297880466,1.0
499000,1.395957,37.88461538461539,0.62841785,0.8128846150178176,0.8128846150178176,1.0
500000,1.3961667,40.04545454545455,0.62802666,0.8049230758960431,0.8049230758960431,1.0
501000,1.3969948,27.625,0.6348874,0.796333335340023,0.796333335340023,1.0
502000,1.396995,37.458333333333336,0.6415863,0.8146296320138154,0.8146296320138154,1.0
503000,1.396995,37.25,0.6275682,0.8098076925827906,0.8098076925827906,1.0
504000,1.3969948,42.391304347826086,0.6230747,0.7894799995422364,0.7894799995422364,1.0
505000,1.3969948,34.92857142857143,0.6397735,0.8172692243869488,0.8172692243869488,1.0
506000,1.3969948,32.857142857142854,0.6533361,0.8279999991257986,0.8279999991257986,1.0
507000,1.3969948,39.15384615384615,0.6291002,0.7998333324988683,0.7998333324988683,1.0
508000,1.3969948,42.714285714285715,0.6308375,0.7793478304925172,0.7793478304925172,1.0
509000,1.3969948,32.3125,0.6583034,0.8321612900303256,0.8321612900303256,1.0
510000,1.396995,32.241379310344826,0.6639459,0.8356333335240682,0.8356333335240682,1.0
511000,1.396995,40.2,0.63141817,0.7965416684746742,0.7965416684746742,1.0
512000,1.3967465,35.6,0.65830547,0.837281247600913,0.837281247600913,1.0
513000,1.3914934,35.25,0.64092165,0.785227275707505,0.785227275707505,1.0
514000,1.3914937,40.3,0.6292416,0.7948799967765808,0.7948799967765808,1.0
515000,1.3914934,33.86206896551724,0.640049,0.8237586216679935,0.8237586216679935,1.0
516000,1.3914934,33.275862068965516,0.64781046,0.8263103448111435,0.8263103448111435,1.0
517000,1.3914937,34.357142857142854,0.6603138,0.8282499994550433,0.8282499994550433,1.0
518000,1.3914936,30.4375,0.6794652,0.8438124991953373,0.8438124991953373,1.0
519000,1.3914937,35.96551724137931,0.6629769,0.8215000075953347,0.8215000075953347,1.0
520000,1.3914937,29.966666666666665,0.6753676,0.8396774165091976,0.8396774165091976,1.0
521000,1.3914934,33.58064516129032,0.6299753,0.8262333373228709,0.8262333373228709,1.0
522000,1.3914937,28.0625,0.664618,0.851636366410689,0.851636366410689,1.0
523000,1.3914937,33.193548387096776,0.6502716,0.8304999967416128,0.8304999967416128,1.0
524000,1.3914934,34.107142857142854,0.6084266,0.8237500020435878,0.8237500020435878,1.0
525000,1.3904837,32.361111111111114,0.69919485,0.8331999977429708,0.8331999977429708,1.0
526000,1.3875712,32.25,0.68818116,0.8357666671276093,0.8357666671276093,1.0
527000,1.3875712,27.885714285714286,0.6803238,0.8522647075793323,0.8522647075793323,1.0
528000,1.3875712,32.37931034482759,0.70298266,0.836258061470524,0.836258061470524,1.0
529000,1.3875712,26.135135135135137,0.6958947,0.8635555571979947,0.8635555571979947,1.0
530000,1.3875712,29.3125,0.67732227,0.8451212174964674,0.8451212174964674,1.0
531000,1.3875712,31.0,0.6990278,0.8448750004172325,0.8448750004172325,1.0
532000,1.3875712,32.09375,0.6639712,0.8394516148874837,0.8394516148874837,1.0
533000,1.3875712,27.93548387096774,0.69386184,0.8489090872533394,0.8489090872533394,1.0
534000,1.3875712,32.29032258064516,0.6795897,0.8349666655063629,0.8349666655063629,1.0
535000,1.3875712,31.79310344827586,0.6893362,0.8349666655063629,0.8349666655063629,1.0
536000,1.3875712,28.054054054054053,0.701355,0.8569444484180875,0.8569444484180875,1.0
537000,1.3866981,27.87878787878788,0.71729344,0.8512727293101224,0.8512727293101224,1.0
538000,1.3864034,30.806451612903224,0.7099759,0.8445937493816018,0.8445937493816018,1.0
539000,1.3864033,30.272727272727273,0.7105506,0.8400322602641198,0.8400322602641198,1.0
540000,1.3864032,25.833333333333332,0.7129423,0.8645789450720737,0.8645789450720737,1.0
541000,1.3864032,33.827586206896555,0.67766327,0.8294137880719942,0.8294137880719942,1.0
542000,1.3864033,36.48148148148148,0.64056194,0.812444441848331,0.812444441848331,1.0
543000,1.3864033,29.058823529411764,0.69107485,0.8478181831764452,0.8478181831764452,1.0
544000,1.3864033,30.9375,0.68630886,0.8437500037252903,0.8437500037252903,1.0
545000,1.3864031,28.84375,0.7122998,0.8487272732185595,0.8487272732185595,1.0
546000,1.3864033,28.0,0.7128547,0.8531470614321092,0.8531470614321092,1.0
547000,1.3864034,27.2,0.7120146,0.8596000058310372,0.8596000058310372,1.0
548000,1.3864032,29.363636363636363,0.6971004,0.8512424230575562,0.8512424230575562,1.0
549000,1.3871889,30.515151515151516,0.71307576,0.8413548392634238,0.8413548392634238,1.0
550000,1.3893318,30.25,0.6997324,0.8429062496870756,0.8429062496870756,1.0
551000,1.3893318,33.142857142857146,0.6979976,0.8311666707197826,0.8311666707197826,1.0
552000,1.3893318,35.774193548387096,0.69845533,0.8084444447799966,0.8084444447799966,1.0
553000,1.3893318,25.264705882352942,0.7199354,0.8684054033176319,0.8684054033176319,1.0
554000,1.3893318,26.571428571428573,0.7193811,0.862027774254481,0.862027774254481,1.0
555000,1.3893318,26.05263157894737,0.71735924,0.8625135115675024,0.8625135115675024,1.0
556000,1.3893318,31.566666666666666,0.6957413,0.8419354827173294,0.8419354827173294,1.0
557000,1.3893318,30.0625,0.70502126,0.8411562507972121,0.8411562507972121,1.0
558000,1.3893318,25.945945945945947,0.72038966,0.8651351397101944,0.8651351397101944,1.0
559000,1.3893318,26.829268292682926,0.72954535,0.8734999999403954,0.8734999999403954,1.0
560000,1.3893318,27.6,0.7013738,0.8424516176023791,0.8424516176023791,1.0
561000,1.3892033,27.0,0.7221027,0.8612432447639672,0.8612432447639672,1.0
562000,1.3879757,34.55555555555556,0.6886032,0.8219642841390201,0.8219642841390201,1.0
563000,1.3879757,31.03125,0.71103126,0.8413871007580911,0.8413871007580911,1.0
564000,1.3879757,27.818181818181817,0.72077,0.8562941095408272,0.8562941095408272,1.0
565000,1.3879757,25.348837209302324,0.72473305,0.862473687059001,0.862473687059001,1.0
566000,1.3879757,24.210526315789473,0.73863363,0.8750749975442886,0.8750749975442886,1.0
567000,1.3879757,28.0,0.72421134,0.8615277757247289,0.8615277757247289,1.0
568000,1.3879757,28.1,0.7123571,0.8480312526226044,0.8480312526226044,1.0
569000,1.3879757,30.625,0.7088349,0.8445757537177114,0.8445757537177114,1.0
570000,1.3879757,27.91176470588235,0.7325385,0.8599999985274147,0.8599999985274147,1.0
571000,1.3879757,25.7,0.7254311,0.8658421023895866,0.8658421023895866,1.0
572000,1.3879757,26.514285714285716,0.72507584,0.8599444412522845,0.8599444412522845,1.0
573000,1.3873763,25.45,0.7346304,0.8665526415172377,0.8665526415172377,1.0
574000,1.3847333,27.529411764705884,0.7287034,0.8613333354393641,0.8613333354393641,1.0
575000,1.3847333,22.414634146341463,0.75171137,0.8800476179236457,0.8800476179236457,1.0
576000,1.3847333,23.19047619047619,0.7654884,0.8807619029567355,0.8807619029567355,1.0
577000,1.3847333,28.057142857142857,0.7252977,0.853352939381319,0.853352939381319,1.0
578000,1.3847333,26.31578947368421,0.74412775,0.8690270217689308,0.8690270217689308,1.0
579000,1.3847333,25.228571428571428,0.7308668,0.8612432415420944,0.8612432415420944,1.0
580000,1.3847333,21.361702127659573,0.76165426,0.8877954550764777,0.8877954550764777,1.0
581000,1.3847333,25.666666666666668,0.7355001,0.8693589782103514,0.8693589782103514,1.0
582000,1.3847333,25.70731707317073,0.72748315,0.8644594614570206,0.8644594614570206,1.0
583000,1.3847333,24.914285714285715,0.748035,0.8717179481799786,0.8717179481799786,1.0
584000,1.3847333,23.404761904761905,0.7503483,0.8781219560925554,0.8781219560925554,1.0
585000,1.3845403,25.704545454545453,0.75292915,0.8648378349639274,0.8648378349639274,1.0
586000,1.383211,23.34375,0.7644545,0.8765499994158745,0.8765499994158745,1.0
587000,1.383211,24.15,0.76997185,0.8749249950051308,0.8749249950051308,1.0
588000,1.383211,25.102564102564102,0.7570615,0.8713684207514713,0.8713684207514713,1.0
589000,1.383211,23.21951219512195,0.76653856,0.8740731753954073,0.8740731753954073,1.0
590000,1.383211,22.41860465116279,0.76930165,0.8867727314884012,0.8867727314884012,1.0
591000,1.383211,23.023255813953487,0.7640916,0.8783902438675485,0.8783902438675485,1.0
592000,1.383211,23.8,0.7636122,0.8811219538130411,0.8811219538130411,1.0
593000,1.383211,24.102564102564102,0.7626016,0.874358974970304,0.874358974970304,1.0
594000,1.383211,21.068181818181817,0.77445406,0.8861111111111111,0.8861111111111111,1.0
595000,1.383211,23.975,0.76046985,0.8746750026941299,0.8746750026941299,1.0
596000,1.383211,25.82051282051282,0.7481101,0.868947363213489,0.868947363213489,1.0
597000,1.381814,24.634146341463413,0.75570804,0.8693333298732073,0.8693333298732073,1.0
598000,1.3778791,25.083333333333332,0.7544773,0.8723157895238776,0.8723157895238776,1.0
599000,1.3778791,22.522727272727273,0.7623031,0.8803488362667172,0.8803488362667172,1.0
600000,1.3778791,26.352941176470587,0.75346446,0.8658611112170749,0.8658611112170749,1.0
601000,1.3778791,23.069767441860463,0.75666934,0.879142857733227,0.879142857733227,1.0
602000,1.3778794,24.1,0.75186455,0.8722750008106231,0.8722750008106231,1.0
603000,1.3778793,22.975609756097562,0.76012284,0.8807857079165322,0.8807857079165322,1.0
604000,1.3778794,19.895833333333332,0.7800611,0.89457446590383,0.89457446590383,1.0
605000,1.3778794,22.804878048780488,0.7671002,0.8811428603671846,0.8811428603671846,1.0
606000,1.3778791,21.041666666666668,0.7639389,0.8903260891852172,0.8903260891852172,1.0
607000,1.3778794,27.058823529411764,0.74749786,0.8621111147933536,0.8621111147933536,1.0
608000,1.3778793,26.864864864864863,0.7469493,0.8602500028080411,0.8602500028080411,1.0
609000,1.3765303,21.904761904761905,0.77426165,0.8836976719457049,0.8836976719457049,1.0
610000,1.3712003,24.121951219512194,0.7671817,0.8747500032186508,0.8747500032186508,1.0
611000,1.3712003,24.384615384615383,0.7555353,0.8727692335079877,0.8727692335079877,1.0
612000,1.3712002,19.15686274509804,0.7832236,0.899559999704361,0.899559999704361,1.0
613000,1.3712002,23.1,0.76127726,0.8821904701845986,0.8821904701845986,1.0
614000,1.3712001,23.767441860465116,0.7763972,0.879547621522631,0.879547621522631,1.0
615000,1.3712003,21.78048780487805,0.7634078,0.8822619049322038,0.8822619049322038,1.0
616000,1.3712003,23.071428571428573,0.76215917,0.8795238094670432,0.8795238094670432,1.0
617000,1.3712002,22.022222222222222,0.7645203,0.8865909088741649,0.8865909088741649,1.0
618000,1.3712003,24.289473684210527,0.7491297,0.8710526306378213,0.8710526306378213,1.0
619000,1.3712003,22.57777777777778,0.75853306,0.8796190477552868,0.8796190477552868,1.0
620000,1.3712003,23.341463414634145,0.7701115,0.88318604923958,0.88318604923958,1.0
621000,1.3692232,18.725490196078432,0.7860057,0.9012156818427292,0.9012156818427292,1.0
622000,1.3656161,20.88095238095238,0.77467513,0.8867272721095518,0.8867272721095518,1.0
623000,1.3656161,20.630434782608695,0.77651006,0.89376086903655,0.89376086903655,1.0
624000,1.3656163,21.369565217391305,0.77354264,0.8894888877868652,0.8894888877868652,1.0
625000,1.3656161,28.228571428571428,0.74574023,0.8534571409225464,0.8534571409225464,1.0
626000,1.3656161,20.822222222222223,0.7802873,0.8883863633329218,0.8883863633329218,1.0
627000,1.3656163,21.72340425531915,0.7719123,0.8886000010702345,0.8886000010702345,1.0
628000,1.3656161,19.933333333333334,0.7791786,0.8950851077729083,0.8950851077729083,1.0
629000,1.3656162,21.0,0.77237576,0.8904130471789319,0.8904130471789319,1.0
630000,1.3656161,24.075,0.7629785,0.8737250000238419,0.8737250000238419,1.0
631000,1.3656161,24.825,0.74721676,0.8667368481033727,0.8667368481033727,1.0
632000,1.3656161,22.727272727272727,0.766763,0.8818809546175457,0.8818809546175457,1.0
633000,1.3639257,18.41176470588235,0.79863304,0.903750003530429,0.903750003530429,1.0
634000,1.3576404,20.738095238095237,0.78562,0.8890222205056084,0.8890222205056084,1.0
635000,1.3576405,20.395833333333332,0.7837305,0.8946595699229138,0.8946595699229138,1.0
636000,1.3576404,19.541666666666668,0.7930571,0.8974693879789236,0.8974693879789236,1.0
637000,1.3576404,19.0,0.79635704,0.8990999984741211,0.8990999984741211,1.0
638000,1.3576404,23.704545454545453,0.7704121,0.8815952369144985,0.8815952369144985,1.0
639000,1.3576405,23.675675675675677,0.75062346,0.8730256374065692,0.8730256374065692,1.0
640000,1.3576406,20.387755102040817,0.78463155,0.8930425555148023,0.8930425555148023,1.0
641000,1.3576406,21.904761904761905,0.7781737,0.8850697680961254,0.8850697680961254,1.0
642000,1.3576404,19.958333333333332,0.7943916,0.8959387759773099,0.8959387759773099,1.0
643000,1.3576404,20.46938775510204,0.77982455,0.8887333353360494,0.8887333353360494,1.0
644000,1.3576404,23.073170731707318,0.78112787,0.8859069804812587,0.8859069804812587,1.0
645000,1.3564001,23.82608695652174,0.76777613,0.8709743573115423,0.8709743573115423,1.0
646000,1.3514489,21.91891891891892,0.78903204,0.8862272758375515,0.8862272758375515,1.0
647000,1.3514488,19.354166666666668,0.79931074,0.895166665315628,0.895166665315628,1.0
648000,1.3514489,17.77358490566038,0.8084577,0.9085454528981989,0.9085454528981989,1.0
649000,1.3514487,20.020408163265305,0.8005688,0.8953404223665278,0.8953404223665278,1.0
650000,1.3514489,20.8125,0.7886899,0.8912391312744307,0.8912391312744307,1.0
651000,1.3514489,23.263157894736842,0.7825352,0.8797857193719774,0.8797857193719774,1.0
652000,1.3514487,19.163265306122447,0.7954335,0.8976734657676853,0.8976734657676853,1.0
653000,1.351449,19.06122448979592,0.79821265,0.8997959166157002,0.8997959166157002,1.0
654000,1.3514487,20.574468085106382,0.79034394,0.8914680810684853,0.8914680810684853,1.0
655000,1.3514487,20.64,0.79711676,0.8962173941342727,0.8962173941342727,1.0
656000,1.3514489,20.0,0.7888697,0.8903404296712673,0.8903404296712673,1.0
657000,1.3506689,18.366666666666667,0.8171578,0.9075185203993762,0.9075185203993762,1.0
658000,1.3474028,20.175,0.788573,0.8904666662216186,0.8904666662216186,1.0
659000,1.3474028,18.529411764705884,0.80138373,0.9023846135689662,0.9023846135689662,1.0
660000,1.3474027,19.38888888888889,0.799609,0.9010199987888337,0.9010199987888337,1.0
661000,1.3474027,18.608695652173914,0.79578257,0.8987799954414367,0.8987799954414367,1.0
662000,1.3474027,19.612244897959183,0.79658717,0.8973265290260315,0.8973265290260315,1.0
663000,1.3474028,17.96153846153846,0.80560964,0.9063846193827115,0.9063846193827115,1.0
664000,1.3474028,18.830188679245282,0.8026114,0.8990588211545757,0.8990588211545757,1.0
665000,1.3474028,22.837209302325583,0.777798,0.8820731698012934,0.8820731698012934,1.0
666000,1.3474028,17.74074074074074,0.8040317,0.9072363669222051,0.9072363669222051,1.0
667000,1.3474027,18.851063829787233,0.79620576,0.8992799985408783,0.8992799985408783,1.0
668000,1.3474028,15.694915254237289,0.8135632,0.9150847449141034,0.9150847449141034,1.0
669000,1.3471848,19.452830188679247,0.7982216,0.8976874972383181,0.8976874972383181,1.0
670000,1.3456134,20.522727272727273,0.78975135,0.8943616976129248,0.8943616976129248,1.0
671000,1.3456134,19.0,0.80395997,0.8988199985027313,0.8988199985027313,1.0
672000,1.3456134,20.847826086956523,0.7962918,0.8907173910866613,0.8907173910866613,1.0
673000,1.3456134,20.891304347826086,0.79571533,0.8911739121312681,0.8911739121312681,1.0
674000,1.3456134,18.647058823529413,0.8081711,0.9030980374298844,0.9030980374298844,1.0
675000,1.3456134,19.627450980392158,0.80060226,0.8977346943349255,0.8977346943349255,1.0
676000,1.3456134,16.29090909090909,0.8100001,0.9100535724844251,0.9100535724844251,1.0
677000,1.3456134,18.24074074074074,0.8115015,0.9060188655583363,0.9060188655583363,1.0
678000,1.3456134,18.18,0.8125912,0.9043921582839068,0.9043921582839068,1.0
679000,1.3456134,20.083333333333332,0.79677486,0.892812496672074,0.892812496672074,1.0
680000,1.3456134,20.5,0.7883957,0.892934782349545,0.892934782349545,1.0
681000,1.3438288,19.0,0.81136554,0.8999019592416053,0.8999019592416053,1.0
682000,1.3374997,21.894736842105264,0.79295504,0.8881363624876196,0.8881363624876196,1.0
683000,1.3374997,21.106382978723403,0.7936748,0.8897826101468957,0.8897826101468957,1.0
684000,1.3374997,17.24074074074074,0.8131807,0.9071666653509494,0.9071666653509494,1.0
685000,1.3374997,18.54901960784314,0.8059458,0.902450981093388,0.902450981093388,1.0
686000,1.3374997,15.779661016949152,0.8275813,0.9166833341121674,0.9166833341121674,1.0
687000,1.3374997,18.274509803921568,0.8118635,0.9030784321766273,0.9030784321766273,1.0
688000,1.3374997,17.767857142857142,0.8096882,0.9072592589590285,0.9072592589590285,1.0
689000,1.3374997,17.703703703703702,0.8176984,0.9067592598773815,0.9067592598773815,1.0
690000,1.3374997,16.666666666666668,0.81963235,0.907722223688055,0.907722223688055,1.0
691000,1.3374997,19.089285714285715,0.8115418,0.9048301881214358,0.9048301881214358,1.0
692000,1.3374997,16.895833333333332,0.82090354,0.9067924495013255,0.9067924495013255,1.0
693000,1.3368185,19.403508771929825,0.8069097,0.8981020426263615,0.8981020426263615,1.0
694000,1.3323306,17.822222222222223,0.81916195,0.9061698081358424,0.9061698081358424,1.0
695000,1.3323306,16.428571428571427,0.8238155,0.909303571496691,0.909303571496691,1.0
696000,1.3323306,17.489795918367346,0.82522255,0.912821430180754,0.912821430180754,1.0
697000,1.3323306,19.16,0.80338085,0.895653062937211,0.895653062937211,1.0
698000,1.3323306,23.931818181818183,0.7947573,0.8771250016987324,0.8771250016987324,1.0
699000,1.3323306,17.14,0.8152772,0.9081090916286815,0.9081090916286815,1.0
700000,1.3323306,16.745454545454546,0.8225475,0.9094181830232794,0.9094181830232794,1.0
701000,1.3323306,17.574074074074073,0.82189626,0.908962963907807,0.908962963907807,1.0
702000,1.3323306,15.916666666666666,0.8300691,0.915666667620341,0.915666667620341,1.0
703000,1.3323306,16.385964912280702,0.82201034,0.9108928569725582,0.9108928569725582,1.0
704000,1.3323306,19.32075471698113,0.80841005,0.8964489747066887,0.8964489747066887,1.0
705000,1.3315307,19.814814814814813,0.811124,0.9058399975299836,0.9058399975299836,1.0
706000,1.3260908,19.58974358974359,0.79940337,0.8908125000695387,0.8908125000695387,1.0
707000,1.3260908,16.35593220338983,0.8248075,0.9138421039832266,0.9138421039832266,1.0
708000,1.326091,15.672413793103448,0.8268946,0.914450000723203,0.914450000723203,1.0
709000,1.3260908,17.571428571428573,0.81537247,0.9045384629414632,0.9045384629414632,1.0
710000,1.326091,17.09259259259259,0.8268572,0.9134035089559722,0.9134035089559722,1.0
711000,1.3260909,17.75925925925926,0.8196435,0.9066111092214231,0.9066111092214231,1.0
712000,1.326091,16.785714285714285,0.8233738,0.9105714325393949,0.9105714325393949,1.0
713000,1.3260908,16.818181818181817,0.82350934,0.9106607128466878,0.9106607128466878,1.0
714000,1.326091,18.26923076923077,0.8136046,0.9032692255882117,0.9032692255882117,1.0
715000,1.3260909,18.057692307692307,0.817274,0.9034807613262763,0.9034807613262763,1.0
716000,1.3260908,18.69090909090909,0.80932283,0.9029411767043319,0.9029411767043319,1.0
717000,1.3252296,16.793650793650794,0.81517863,0.9052830214770335,0.9052830214770335,1.0
718000,1.3219249,16.68,0.83215904,0.9138620701329462,0.9138620701329462,1.0
719000,1.321925,19.065217391304348,0.81844455,0.9041538456311593,0.9041538456311593,1.0
720000,1.3219249,19.12,0.8138834,0.8980408189248066,0.8980408189248066,1.0
721000,1.321925,16.694915254237287,0.8248937,0.9138771922964799,0.9138771922964799,1.0
722000,1.3219249,18.897959183673468,0.81309426,0.9000196059544882,0.9000196059544882,1.0
723000,1.321925,17.942307692307693,0.8164927,0.9040384613550626,0.9040384613550626,1.0
724000,1.3219249,17.016949152542374,0.8250857,0.912684210559778,0.912684210559778,1.0
725000,1.3219249,17.11320754716981,0.8208831,0.908814815459428,0.908814815459428,1.0
726000,1.321925,15.94915254237288,0.83087665,0.9137288140038312,0.9137288140038312,1.0
727000,1.321925,17.326923076923077,0.824384,0.9092222220367856,0.9092222220367856,1.0
728000,1.321925,16.050847457627118,0.83470565,0.9141186445446338,0.9141186445446338,1.0
729000,1.3209274,18.344827586206897,0.8097477,0.9024423085726224,0.9024423085726224,1.0
730000,1.3142834,16.363636363636363,0.8307736,0.9131754364883691,0.9131754364883691,1.0
731000,1.3142834,17.076923076923077,0.8206698,0.9096727219494907,0.9096727219494907,1.0
732000,1.3142834,18.25,0.81396866,0.9027254920379788,0.9027254920379788,1.0
733000,1.3142834,15.610169491525424,0.8323904,0.9177213120655935,0.9177213120655935,1.0
734000,1.3142834,14.984126984126984,0.8313602,0.918467745665581,0.918467745665581,1.0
735000,1.3142834,17.81132075471698,0.8197491,0.9068333318939915,0.9068333318939915,1.0
736000,1.3142834,15.833333333333334,0.8255952,0.9172000010808309,0.9172000010808309,1.0
737000,1.3142834,18.0,0.8166069,0.904865386394354,0.904865386394354,1.0
738000,1.3142834,16.283333333333335,0.8207756,0.9139482738642857,0.9139482738642857,1.0
739000,1.3142834,16.086206896551722,0.8304036,0.9150999983151754,0.9150999983151754,1.0
740000,1.3142834,16.446428571428573,0.8240081,0.9106545469977639,0.9106545469977639,1.0
741000,1.3128382,15.758064516129032,0.82927096,0.9172622942533649,0.9172622942533649,1.0
742000,1.3065436,17.5,0.8231628,0.908129628057833,0.908129628057833,1.0
743000,1.3065436,17.125,0.82051647,0.9083454522219572,0.9083454522219572,1.0
744000,1.3065436,17.12727272727273,0.8191279,0.9060188689321842,0.9060188689321842,1.0
745000,1.3065436,17.403508771929825,0.82327545,0.9097500028354781,0.9097500028354781,1.0
746000,1.3065438,15.048387096774194,0.8368967,0.9202258058132664,0.9202258058132664,1.0
747000,1.3065436,16.20689655172414,0.82684034,0.9152758635323623,0.9152758635323623,1.0
748000,1.3065438,14.32258064516129,0.84282637,0.9230303023800706,0.9230303023800706,1.0
749000,1.3065436,18.384615384615383,0.80216855,0.9010392182013568,0.9010392182013568,1.0
750000,1.3065436,17.71698113207547,0.8190089,0.9064528312323228,0.9064528312323228,1.0
751000,1.3065436,16.233333333333334,0.8283572,0.916593219264079,0.916593219264079,1.0
752000,1.3065438,15.123076923076923,0.823619,0.913224139090242,0.913224139090242,1.0
753000,1.3053274,16.048387096774192,0.83607525,0.9207777768846542,0.9207777768846542,1.0
754000,1.299795,16.16,0.82734805,0.913103446878236,0.913103446878236,1.0
755000,1.299795,16.155172413793103,0.82736164,0.9136724143192686,0.9136724143192686,1.0
756000,1.299795,17.25423728813559,0.82312673,0.9150714256933757,0.9150714256933757,1.0
757000,1.299795,16.25925925925926,0.8263608,0.9088571444153786,0.9088571444153786,1.0
758000,1.299795,16.23728813559322,0.8309723,0.9139830530700037,0.9139830530700037,1.0
759000,1.299795,17.27777777777778,0.8156948,0.9061111134511454,0.9061111134511454,1.0
760000,1.299795,15.704918032786885,0.8316955,0.9180983588343761,0.9180983588343761,1.0
761000,1.299795,16.70909090909091,0.82430875,0.9089272726665844,0.9089272726665844,1.0
762000,1.299795,15.28125,0.8368244,0.919838709215964,0.919838709215964,1.0
763000,1.299795,15.596491228070175,0.82896143,0.9144745762065306,0.9144745762065306,1.0
764000,1.299795,15.109375,0.8380298,0.9208253962653024,0.9208253962653024,1.0
765000,1.2994331,16.033333333333335,0.83173114,0.9163833330074946,0.9163833330074946,1.0
766000,1.2941686,17.754716981132077,0.8292434,0.905942304776265,0.905942304776265,1.0
767000,1.2941686,15.637931034482758,0.83816075,0.9163166642189026,0.9163166642189026,1.0
768000,1.2941686,14.625,0.8399085,0.920218750834465,0.920218750834465,1.0
769000,1.2941686,14.071428571428571,0.8489073,0.9256567181046329,0.9256567181046329,1.0
770000,1.2941686,14.916666666666666,0.84225464,0.921142854387798,0.921142854387798,1.0
771000,1.2941686,17.410714285714285,0.830166,0.9067962953337917,0.9067962953337917,1.0
772000,1.2941686,17.58823529411765,0.82889557,0.9087962960755384,0.9087962960755384,1.0
773000,1.2941686,17.425925925925927,0.8324341,0.9070740783656085,0.9070740783656085,1.0
774000,1.2941686,15.825396825396826,0.8398491,0.919080642923232,0.919080642923232,1.0
775000,1.2941686,14.301587301587302,0.84267735,0.9216406233608723,0.9216406233608723,1.0
776000,1.2941686,17.74074074074074,0.8270383,0.9053018812863332,0.9053018812863332,1.0
777000,1.2935057,16.384615384615383,0.8370068,0.9158474611023725,0.9158474611023725,1.0
778000,1.2903107,16.019607843137255,0.83462375,0.911877197131776,0.911877197131776,1.0
779000,1.2903109,14.629032258064516,0.8453555,0.9209523815957327,0.9209523815957327,1.0
780000,1.2903109,17.912280701754387,0.8310937,0.9106000033291903,0.9106000033291903,1.0
781000,1.2903107,15.220338983050848,0.83162284,0.9149827618023445,0.9149827618023445,1.0
782000,1.2903106,15.524590163934427,0.8341104,0.9161803292446449,0.9161803292446449,1.0
783000,1.2903106,16.879310344827587,0.8345433,0.9114561415555185,0.9114561415555185,1.0
784000,1.2903106,13.806451612903226,0.84629077,0.9251666683139224,0.9251666683139224,1.0
785000,1.2903107,14.074626865671641,0.84918463,0.9243134331347337,0.9243134331347337,1.0
786000,1.2903107,14.985074626865671,0.8419132,0.9222656283527613,0.9222656283527613,1.0
787000,1.2903109,15.932203389830509,0.8400584,0.9161016951173039,0.9161016951173039,1.0
788000,1.2903107,16.363636363636363,0.82695657,0.9095636421983893,0.9095636421983893,1.0
789000,1.2896761,15.208333333333334,0.8494013,0.9225781261920929,0.9225781261920929,1.0
790000,1.2846564,16.148936170212767,0.8277911,0.9107017527546799,0.9107017527546799,1.0
791000,1.2846564,17.339285714285715,0.8295826,0.9090545459227128,0.9090545459227128,1.0
792000,1.2846564,13.923076923076923,0.8457722,0.9259403001016645,0.9259403001016645,1.0
793000,1.2846564,14.952380952380953,0.8460489,0.9193387098850743,0.9193387098850743,1.0
794000,1.2846564,16.084745762711865,0.8348973,0.9153389789290347,0.9153389789290347,1.0
795000,1.2846564,15.948275862068966,0.8352394,0.9146779674594685,0.9146779674594685,1.0
796000,1.2846564,16.49206349206349,0.8374296,0.9163500010967255,0.9163500010967255,1.0
797000,1.2846564,17.862745098039216,0.82370085,0.9042307688639715,0.9042307688639715,1.0
798000,1.2846564,14.540983606557377,0.8462025,0.9204126955970885,0.9204126955970885,1.0
799000,1.2846564,14.257575757575758,0.8486828,0.9242575746594053,0.9242575746594053,1.0
800000,1.2846564,14.348484848484848,0.8424345,0.922562500461936,0.922562500461936,1.0
801000,1.2843878,16.114285714285714,0.836658,0.9184754090230973,0.9184754090230973,1.0
802000,1.2792519,15.680851063829786,0.8279767,0.9131578897175036,0.9131578897175036,1.0
803000,1.2792518,15.67741935483871,0.83507824,0.915283332268397,0.915283332268397,1.0
804000,1.2792519,15.265625,0.83833385,0.920349205297137,0.920349205297137,1.0
805000,1.2792519,16.69811320754717,0.82712114,0.9104363636537032,0.9104363636537032,1.0
806000,1.2792518,15.01639344262295,0.84467655,0.9210000000302754,0.9210000000302754,1.0
807000,1.279252,15.112903225806452,0.8408266,0.9182258065669767,0.9182258065669767,1.0
808000,1.2792518,15.491803278688524,0.83572984,0.9182131124324486,0.9182131124324486,1.0
809000,1.2792518,17.2,0.8221666,0.9089454596692865,0.9089454596692865,1.0
810000,1.2792518,13.705882352941176,0.85036457,0.9265588232699562,0.9265588232699562,1.0
811000,1.2792518,15.571428571428571,0.8378735,0.9190483852740257,0.9190483852740257,1.0
812000,1.2792518,14.76923076923077,0.8415699,0.9191612899303436,0.9191612899303436,1.0
813000,1.2791417,15.126760563380282,0.83930546,0.9213870956051734,0.9213870956051734,1.0
814000,1.2725505,14.788461538461538,0.8415305,0.9185238064281525,0.9185238064281525,1.0
815000,1.2725505,15.278688524590164,0.8436763,0.9181639356691329,0.9181639356691329,1.0
816000,1.2725505,14.353846153846154,0.8468225,0.9233692297568687,0.9233692297568687,1.0
817000,1.2725505,16.362068965517242,0.8312649,0.9137758674292729,0.9137758674292729,1.0
818000,1.2725505,14.446153846153846,0.84683233,0.9221746041661217,0.9221746041661217,1.0
819000,1.2725505,15.396825396825397,0.84171915,0.9196666677792867,0.9196666677792867,1.0
820000,1.2725505,13.904761904761905,0.8481897,0.9248656719478209,0.9248656719478209,1.0
821000,1.2725505,14.119402985074627,0.8463286,0.9224218763411045,0.9224218763411045,1.0
822000,1.2725505,15.161290322580646,0.84138304,0.9218437476083636,0.9218437476083636,1.0
823000,1.2725505,16.36842105263158,0.83325094,0.9121403495470682,0.9121403495470682,1.0
824000,1.2725505,15.25,0.84001684,0.9175081966353245,0.9175081966353245,1.0
825000,1.2724975,14.467532467532468,0.8467208,0.922906250692904,0.922906250692904,1.0
826000,1.2703457,13.678571428571429,0.8516594,0.9270869545314623,0.9270869545314623,1.0
827000,1.2703457,15.285714285714286,0.83213025,0.9141379317332958,0.9141379317332958,1.0
828000,1.2703457,15.203125,0.8471502,0.9244776136839568,0.9244776136839568,1.0
829000,1.2703457,14.2,0.8481109,0.9210317447071984,0.9210317447071984,1.0
830000,1.2703457,16.10169491525424,0.8454594,0.9180655704169977,0.9180655704169977,1.0
831000,1.2703457,14.725806451612904,0.84638494,0.9187377065908714,0.9187377065908714,1.0
832000,1.2703457,14.603174603174603,0.84330624,0.9218593779951334,0.9218593779951334,1.0
833000,1.2703457,15.35483870967742,0.83982617,0.9170166691144307,0.9170166691144307,1.0
834000,1.2703457,14.261538461538462,0.85496724,0.9243432861655506,0.9243432861655506,1.0
835000,1.2703457,13.027397260273972,0.8536076,0.9304861128330231,0.9304861128330231,1.0
836000,1.2703457,13.830769230769231,0.8559898,0.9259403001016645,0.9259403001016645,1.0
837000,1.2696561,13.307692307692308,0.85731393,0.9289428566183363,0.9289428566183363,1.0
838000,1.2648499,13.721311475409836,0.854781,0.9264057986978171,0.9264057986978171,1.0
839000,1.2648498,15.94915254237288,0.8404173,0.9159152568396876,0.9159152568396876,1.0
840000,1.2648497,15.032786885245901,0.844759,0.918774192371676,0.918774192371676,1.0
841000,1.2648499,15.646153846153846,0.8411578,0.9184098400053431,0.9184098400053431,1.0
842000,1.2648499,16.357142857142858,0.83702374,0.9118750020861626,0.9118750020861626,1.0
843000,1.2648499,14.655737704918034,0.8494142,0.9205238100082155,0.9205238100082155,1.0
844000,1.2648499,14.0,0.8508244,0.9252686589511473,0.9252686589511473,1.0
845000,1.2648499,14.17910447761194,0.8535595,0.9237575774843042,0.9237575774843042,1.0
846000,1.2648498,14.084507042253522,0.85704714,0.9275362344755642,0.9275362344755642,1.0
847000,1.2648498,16.32075471698113,0.8319063,0.9109642878174782,0.9109642878174782,1.0
848000,1.2648499,14.530303030303031,0.851915,0.9230312472209334,0.9230312472209334,1.0
849000,1.2646629,13.986842105263158,0.84980506,0.9195238096373421,0.9195238096373421,1.0
850000,1.259138,14.275862068965518,0.8590743,0.9280289860739224,0.9280289860739224,1.0
851000,1.259138,16.0,0.8465429,0.9158000002304713,0.9158000002304713,1.0
852000,1.259138,14.121212121212121,0.8536947,0.9246515162063368,0.9246515162063368,1.0
853000,1.259138,16.35593220338983,0.84171975,0.9152881371772895,0.9152881371772895,1.0
854000,1.259138,13.402985074626866,0.8559466,0.9251492539448525,0.9251492539448525,1.0
855000,1.259138,15.079365079365079,0.847245,0.9198548380405672,0.9198548380405672,1.0
856000,1.259138,16.1864406779661,0.84309995,0.9166333337624868,0.9166333337624868,1.0
857000,1.259138,14.061538461538461,0.85300106,0.9242307699643648,0.9242307699643648,1.0
858000,1.259138,12.616438356164384,0.86104673,0.9311891906970257,0.9311891906970257,1.0
859000,1.259138,14.477611940298507,0.8494865,0.9220476169434805,0.9220476169434805,1.0
860000,1.259138,13.223880597014926,0.8628534,0.9287605655025428,0.9287605655025428,1.0
861000,1.2589216,14.820512820512821,0.8470799,0.9196129018260587,0.9196129018260587,1.0
862000,1.2551376,12.948275862068966,0.86052704,0.9294788719902576,0.9294788719902576,1.0
863000,1.2551376,13.434782608695652,0.855169,0.927928569487163,0.927928569487163,1.0
864000,1.2551377,13.915492957746478,0.85398304,0.9270000037025002,0.9270000037025002,1.0
865000,1.2551376,13.65079365079365,0.8555531,0.9250746298192153,0.9250746298192153,1.0
866000,1.2551377,13.701492537313433,0.85686153,0.9273529412115321,0.9273529412115321,1.0
867000,1.2551374,12.972602739726028,0.8592919,0.9289295765715586,0.9289295765715586,1.0
868000,1.2551374,15.580645161290322,0.8442768,0.9180491810939351,0.9180491810939351,1.0
869000,1.2551377,15.05084745762712,0.851395,0.9206290302738067,0.9206290302738067,1.0
870000,1.2551376,13.705882352941176,0.85204476,0.9251470565795898,0.9251470565795898,1.0
871000,1.2551374,14.671875,0.85144174,0.9222500016912818,0.9222500016912818,1.0
872000,1.2551377,14.242424242424242,0.8524566,0.9232153837497418,0.9232153837497418,1.0
873000,1.2550844,15.228915662650602,0.85530984,0.9244923105606666,0.9244923105606666,1.0
874000,1.2500587,14.75609756097561,0.84063905,0.9147833307584127,0.9147833307584127,1.0
875000,1.2500588,14.123287671232877,0.85264564,0.9251492521656093,0.9251492521656093,1.0
876000,1.2500589,13.666666666666666,0.8532703,0.9252121204679663,0.9252121204679663,1.0
877000,1.2500589,13.753424657534246,0.86169374,0.9293943660359987,0.9293943660359987,1.0
878000,1.2500589,12.56060606060606,0.85974264,0.9296478872567835,0.9296478872567835,1.0
879000,1.2500589,15.125,0.846939,0.9196190474525331,0.9196190474525331,1.0
880000,1.2500589,15.64516129032258,0.84562504,0.918366664648056,0.918366664648056,1.0
881000,1.2500589,13.907692307692308,0.8540539,0.9242388072298534,0.9242388072298534,1.0
882000,1.2500589,11.855263157894736,0.865074,0.9350519482191507,0.9350519482191507,1.0
883000,1.2500587,14.734375,0.84886336,0.9222539663314819,0.9222539663314819,1.0
884000,1.2500589,12.932432432432432,0.85508865,0.9291831003108495,0.9291831003108495,1.0
885000,1.2500011,13.353658536585366,0.8585226,0.9269264734843198,0.9269264734843198,1.0
886000,1.2474226,11.984375,0.8680453,0.9354430406908446,0.9354430406908446,1.0
887000,1.2474225,15.081967213114755,0.8441803,0.9191129044178994,0.9191129044178994,1.0
888000,1.2474225,12.746478873239436,0.86126435,0.9308611121442583,0.9308611121442583,1.0
889000,1.2474226,13.666666666666666,0.8588765,0.9289130464844082,0.9289130464844082,1.0
890000,1.2474226,11.146341463414634,0.8715581,0.9377901245046545,0.9377901245046545,1.0
891000,1.2474225,14.94915254237288,0.84835416,0.9220156203955412,0.9220156203955412,1.0
892000,1.2474226,15.390625,0.84680885,0.9194193568921858,0.9194193568921858,1.0
893000,1.2474225,13.953125,0.8511657,0.9234090889945175,0.9234090889945175,1.0
894000,1.2474226,13.617647058823529,0.8585377,0.9255223861381189,0.9255223861381189,1.0
895000,1.2474226,14.5,0.85002047,0.9244769243093637,0.9244769243093637,1.0
896000,1.2474226,13.633802816901408,0.8560146,0.9255147094235701,0.9255147094235701,1.0
897000,1.2474226,13.057971014492754,0.8624668,0.9308194443583488,0.9308194443583488,1.0
898000,1.2457783,15.029850746268657,0.84710395,0.919370969457011,0.919370969457011,1.0
899000,1.2449391,14.142857142857142,0.8554227,0.9236666641452096,0.9236666641452096,1.0
900000,1.2449391,13.18840579710145,0.85799325,0.9295774656282344,0.9295774656282344,1.0
901000,1.2449391,14.470588235294118,0.8507332,0.9231538506654593,0.9231538506654593,1.0
902000,1.2449391,12.614285714285714,0.8619088,0.9310277808043692,0.9310277808043692,1.0
903000,1.2449391,13.382352941176471,0.85488373,0.927550727042599,0.927550727042599,1.0
904000,1.2449391,15.11111111111111,0.8494487,0.9200483877812663,0.9200483877812663,1.0
905000,1.2449391,14.88888888888889,0.8433282,0.9196825358602736,0.9196825358602736,1.0
906000,1.2449391,13.91044776119403,0.8546325,0.926794121370596,0.926794121370596,1.0
907000,1.2449391,14.96875,0.8513739,0.9194193549694554,0.9194193549694554,1.0
908000,1.2449391,13.542857142857143,0.8566996,0.9266811609268188,0.9266811609268188,1.0
909000,1.2449391,13.848484848484848,0.85194826,0.9253582082577606,0.9253582082577606,1.0
910000,1.2424822,13.652173913043478,0.8635922,0.9292571416922978,0.9292571416922978,1.0
911000,1.2415047,14.703125,0.85405827,0.9224375011399388,0.9224375011399388,1.0
912000,1.2415047,14.639344262295081,0.8473623,0.9191612928144394,0.9191612928144394,1.0
913000,1.2415047,12.849315068493151,0.8638551,0.9310833348168267,0.9310833348168267,1.0
914000,1.2415047,13.585714285714285,0.8579656,0.925764707957997,0.925764707957997,1.0
915000,1.2415047,15.689655172413794,0.8432899,0.9177333335081737,0.9177333335081737,1.0
916000,1.2415047,13.970149253731343,0.8562105,0.9257014918683181,0.9257014918683181,1.0
917000,1.2415047,13.506666666666666,0.86006707,0.9271428542477744,0.9271428542477744,1.0
918000,1.2415047,13.169230769230769,0.86202204,0.9276086973107379,0.9276086973107379,1.0
919000,1.2415047,13.941176470588236,0.85511994,0.9261323511600494,0.9261323511600494,1.0
920000,1.2415047,14.412698412698413,0.85073406,0.9231538460804866,0.9231538460804866,1.0
921000,1.2415047,15.75,0.84378415,0.9156271178843611,0.9156271178843611,1.0
922000,1.2399968,13.720588235294118,0.8548302,0.9264117637101341,0.9264117637101341,1.0
923000,1.2389985,12.217948717948717,0.8635347,0.9358076942272675,0.9358076942272675,1.0
924000,1.2389985,14.0625,0.8489009,0.9224374983459711,0.9224374983459711,1.0
925000,1.2389985,14.507692307692308,0.851977,0.9234545465671655,0.9234545465671655,1.0
926000,1.2389985,14.227272727272727,0.85066974,0.923953849535722,0.923953849535722,1.0
927000,1.2389985,13.924242424242424,0.8563838,0.9253283570061869,0.9253283570061869,1.0
928000,1.2389985,12.3375,0.8601022,0.9323783774633665,0.9323783774633665,1.0
929000,1.2389985,12.987012987012987,0.86194247,0.9331066648165385,0.9331066648165385,1.0
930000,1.2389985,14.133333333333333,0.8466721,0.9208064502285372,0.9208064502285372,1.0
931000,1.2389985,13.712121212121213,0.8565732,0.9284366209742049,0.9284366209742049,1.0
932000,1.2389985,12.859154929577464,0.8588103,0.9298873266703646,0.9298873266703646,1.0
933000,1.2389985,14.140845070422536,0.85653746,0.9260000008255688,0.9260000008255688,1.0
934000,1.2378566,14.948275862068966,0.8496566,0.9200634927976699,0.9200634927976699,1.0
935000,1.2372406,12.958333333333334,0.8633033,0.9304647873824751,0.9304647873824751,1.0
936000,1.2372408,13.219178082191782,0.86275834,0.9286056337222247,0.9286056337222247,1.0
937000,1.2372406,15.23728813559322,0.84411347,0.9183387073778337,0.9183387073778337,1.0
938000,1.2372406,13.283783783783784,0.86251915,0.9296428561210632,0.9296428561210632,1.0
939000,1.2372407,15.016949152542374,0.850503,0.9190967717478352,0.9190967717478352,1.0
940000,1.2372408,13.774647887323944,0.85849005,0.9271764728952857,0.9271764728952857,1.0
941000,1.2372406,14.09375,0.8542452,0.9239090924913232,0.9239090924913232,1.0
942000,1.2372406,13.880597014925373,0.85692954,0.9241818198651979,0.9241818198651979,1.0
943000,1.2372406,14.5,0.8589527,0.9259999981697868,0.9259999981697868,1.0
944000,1.2372406,14.516129032258064,0.8525798,0.9199677417355199,0.9199677417355199,1.0
945000,1.2372406,14.363636363636363,0.8595003,0.9241969684759775,0.9241969684759775,1.0
946000,1.2363192,13.318181818181818,0.85861796,0.9275217401808586,0.9275217401808586,1.0
947000,1.2356242,12.635135135135135,0.8629947,0.9323972635073204,0.9323972635073204,1.0
948000,1.2356242,14.46875,0.84927285,0.9217230778474074,0.9217230778474074,1.0
949000,1.2356242,14.615384615384615,0.85104483,0.922015871320452,0.922015871320452,1.0
950000,1.2356242,13.701492537313433,0.8574286,0.9259420287781868,0.9259420287781868,1.0
951000,1.2356242,12.513513513513514,0.86153734,0.9326081074572898,0.9326081074572898,1.0
952000,1.2356242,13.309859154929578,0.85762566,0.9291714251041412,0.9291714251041412,1.0
953000,1.2356242,13.8,0.85938233,0.9276285724980491,0.9276285724980491,1.0
954000,1.2356242,13.818181818181818,0.8528946,0.9252121231772683,0.9252121231772683,1.0
955000,1.2356242,14.453125,0.8543374,0.9229384614871099,0.9229384614871099,1.0
956000,1.2356242,13.82089552238806,0.8541207,0.9243181853583364,0.9243181853583364,1.0
957000,1.2356242,11.987012987012987,0.8690051,0.9354285737136742,0.9354285737136742,1.0
958000,1.2348646,13.347222222222221,0.8623753,0.928542856659208,0.928542856659208,1.0
959000,1.2343135,11.905405405405405,0.87087965,0.9360259740383594,0.9360259740383594,1.0
960000,1.2343137,13.794117647058824,0.8553097,0.9248970554155462,0.9248970554155462,1.0
961000,1.2343137,14.353846153846154,0.85568553,0.9235692336009099,0.9235692336009099,1.0
962000,1.2343137,13.880597014925373,0.8574699,0.9257611925922223,0.9257611925922223,1.0
963000,1.2343137,13.5,0.8588502,0.9274637647297072,0.9274637647297072,1.0
964000,1.2343135,15.140625,0.8530154,0.9193870982816142,0.9193870982816142,1.0
965000,1.2343137,13.666666666666666,0.86153305,0.9276956509852755,0.9276956509852755,1.0
966000,1.2343137,11.921052631578947,0.87240726,0.9354102580975263,0.9354102580975263,1.0
967000,1.2343137,12.704225352112676,0.86327904,0.9300555537144343,0.9300555537144343,1.0
968000,1.2343137,14.292307692307693,0.8517204,0.9234615380947406,0.9234615380947406,1.0
969000,1.2343137,14.014705882352942,0.8565252,0.9238939402681409,0.9238939402681409,1.0
970000,1.2339854,12.942857142857143,0.86601365,0.9306111103958554,0.9306111103958554,1.0
971000,1.2336317,12.853333333333333,0.8652995,0.9309861105349329,0.9309861105349329,1.0
972000,1.2336318,12.2,0.87055737,0.933240000406901,0.933240000406901,1.0
973000,1.2336318,12.726027397260275,0.8668394,0.9313472219639354,0.9313472219639354,1.0
974000,1.2336318,11.185185185185185,0.87423724,0.9384390217501942,0.9384390217501942,1.0
975000,1.2336317,13.028571428571428,0.86781484,0.9312465721613741,0.9312465721613741,1.0
976000,1.2336317,12.746666666666666,0.8641192,0.9322222214606073,0.9322222214606073,1.0
977000,1.2336318,13.08695652173913,0.8613152,0.9287605629840368,0.9287605629840368,1.0
978000,1.2336317,13.44927536231884,0.8602467,0.9288428553513118,0.9288428553513118,1.0
979000,1.2336317,14.014925373134329,0.85373825,0.9242835818831601,0.9242835818831601,1.0
980000,1.2336317,11.96103896103896,0.87016594,0.9351558406631668,0.9351558406631668,1.0
981000,1.2336317,14.421875,0.85628104,0.9236875027418137,0.9236875027418137,1.0
982000,1.2334113,12.44,0.8661578,0.9318266685803731,0.9318266685803731,1.0
983000,1.2330016,13.880597014925373,0.86080515,0.9270298543261059,0.9270298543261059,1.0
984000,1.2330016,12.20253164556962,0.8666137,0.932600003083547,0.932600003083547,1.0
985000,1.2330016,13.606060606060606,0.8611213,0.9277391295502151,0.9277391295502151,1.0
986000,1.2330016,14.015151515151516,0.8573139,0.9241940290180605,0.9241940290180605,1.0
987000,1.2330016,13.38888888888889,0.86077017,0.9287571438721248,0.9287571438721248,1.0
988000,1.2330016,14.523076923076923,0.85600907,0.923815381526947,0.923815381526947,1.0
989000,1.2330016,14.215384615384615,0.8577114,0.9238939393650402,0.9238939393650402,1.0
990000,1.2330016,13.457142857142857,0.8602432,0.9258358202763458,0.9258358202763458,1.0
991000,1.2330016,11.518987341772151,0.8776422,0.9389146311980922,0.9389146311980922,1.0
992000,1.2330016,13.130434782608695,0.8621357,0.9272608705188917,0.9272608705188917,1.0
993000,1.2330016,13.14864864864865,0.86491716,0.9307361129257414,0.9307361129257414,1.0
994000,1.2329243,14.475409836065573,0.85143566,0.9218750009313226,0.9218750009313226,1.0
995000,1.2327958,14.865671641791044,0.8472419,0.9204516132031718,0.9204516132031718,1.0
996000,1.2327958,12.67142857142857,0.87021315,0.9324594566950927,0.9324594566950927,1.0
997000,1.2327958,13.071428571428571,0.8626875,0.9291549333384339,0.9291549333384339,1.0
998000,1.2327958,13.157142857142857,0.8603458,0.9289714285305568,0.9289714285305568,1.0
999000,1.2327958,12.7012987012987,0.8660183,0.9303150740388322,0.9303150740388322,1.0
1000000,1.2327958,12.383561643835616,0.86710095,0.9338933324813843,0.9338933324813843,1.0
