Steps,Policy/Entropy,Environment/Episode Length,Policy/Extrinsic Value Estimate,Policy/GAIL Value Estimate,Environment/Cumulative Reward,Policy/Extrinsic Reward,Policy/GAIL Reward,Is Training
1000,2.886679,137.875,-0.0008220561,0.11987392,7.345465268407549,7.345465268407549,0.0,1.0
2000,2.8882785,227.5,-0.0049979193,0.09297469,6.489688575267792,6.489688575267792,0.0,1.0
3000,2.8884053,244.25,0.0922921,-0.10884194,-2.0209617614746094,-2.0209617614746094,0.0,1.0
4000,2.888988,315.0,-0.05216704,0.34560785,1.025270938873291,1.025270938873291,0.0,1.0
5000,2.8885493,339.6666666666667,0.043913405,0.11124915,-5.548060258229573,-5.548060258229573,0.0,1.0
6000,2.8891644,285.0,0.25114605,0.32713827,81.66010252634685,81.66010252634685,0.0,1.0
7000,2.8896968,396.15384615384613,-0.112265736,0.19912499,94.22980801264445,94.22980801264445,0.0,1.0
8000,2.8901095,None,-0.0035892911,-0.111980096,-6.326512336730957,-6.326512336730957,0.0,1.0
9000,2.8900795,None,0.06944416,0.22115827,48.402870178222656,48.402870178222656,0.0,1.0
10000,2.8900936,None,-0.32721952,0.3424708,23.85066533088684,23.85066533088684,0.0,1.0
11000,2.8901117,15.0,-0.085791804,0.083416365,34.2045005162557,34.2045005162557,0.0,1.0
12000,2.8900838,180.8,-0.25641102,0.31684136,19.32791332403819,19.32791332403819,0.0,1.0
13000,2.8870625,239.95238095238096,-0.24261837,0.40611795,5.511385281880696,5.511385281880696,23.614166259765625,1.0
14000,2.8857262,399.0,-0.31127903,0.25227603,-4.531820774078369,-4.531820774078369,62.27196645736694,1.0
15000,2.885654,189.0,-0.51278716,0.046831977,-4.365689754486084,-4.365689754486084,55.65226538976034,1.0
16000,2.885613,301.0,-0.25896987,0.08869874,-3.8837507247924803,-3.8837507247924803,61.12946090698242,1.0
17000,2.8857102,None,-0.17720532,-0.01523892,-4.84199333190918,-4.84199333190918,72.52467918395996,1.0
18000,2.8857665,None,0.0055320486,-0.031897128,12.348569393157959,12.348569393157959,78.24001693725586,1.0
19000,2.8852098,207.25,-0.080594234,0.07578261,-3.5224382281303406,-3.5224382281303406,71.0694351196289,1.0
20000,2.885373,353.0,-0.13281843,0.18905173,-4.391310612360637,-4.391310612360637,94.67380777994792,1.0
21000,2.8848917,271.25,0.1258363,0.28112516,17.38931957880656,17.38931957880656,72.92160034179688,1.0
22000,2.884584,358.3333333333333,0.110906236,0.005037183,4.855322003364563,4.855322003364563,67.6228141784668,1.0
23000,2.8842406,248.71428571428572,-0.22878683,-0.016933868,-3.2661530017852782,-3.2661530017852782,55.467050552368164,1.0
24000,2.8845243,None,-0.4428597,-0.10150117,-6.916037559509277,-6.916037559509277,117.32271194458008,1.0
25000,2.882575,277.76190476190476,0.04785837,0.267916,-1.7920472621917725,-1.7920472621917725,70.23186620076497,1.0
26000,2.8826811,None,-0.3348517,0.785952,-1.9690149171011788,-1.9690149171011788,44.43659135273525,1.0
27000,2.8825967,100.0,-0.0065150806,0.6067635,2.8346084356307983,2.8346084356307983,37.800520062446594,1.0
28000,2.883175,None,0.07734387,0.5237875,23.93792986869812,23.93792986869812,120.886048634847,1.0
29000,2.8825817,None,-0.15179223,0.5534048,-4.633580923080444,-4.633580923080444,68.79165267944336,1.0
30000,2.8825033,392.5,0.29472715,0.53659785,7.3208799958229065,7.3208799958229065,64.3996068239212,1.0
31000,2.8826368,399.0,-0.21777904,0.55225134,-5.468264102935791,-5.468264102935791,74.49233627319336,1.0
32000,2.881835,399.0,-0.0974383,0.36340737,29.240163167317707,29.240163167317707,111.50679016113281,1.0
33000,2.8815413,399.0,-0.3426968,0.61834556,-4.219167113304138,-4.219167113304138,87.39508247375488,1.0
34000,2.8822165,361.3333333333333,0.21857439,0.48672867,76.33379538853963,76.33379538853963,109.56529235839844,1.0
35000,2.8838353,352.3333333333333,0.10028458,0.6776207,38.26590220133463,38.26590220133463,94.13088989257812,1.0
36000,2.8836741,280.0,0.106456466,0.5205483,118.59372584025066,118.59372584025066,75.85965737700462,1.0
37000,2.8813293,338.77272727272725,0.2584429,0.550945,61.80103715260824,61.80103715260824,107.63318888346355,1.0
38000,2.8794117,None,-0.054146647,1.6931815,28.55625820159912,28.55625820159912,68.71964263916016,1.0
39000,2.8800623,None,0.44832808,0.723596,18.133522152900696,18.133522152900696,56.235466957092285,1.0
40000,2.8802526,None,0.049061332,1.007184,45.0370227098465,45.0370227098465,79.95193815231323,1.0
41000,2.8804574,None,0.31988654,1.3435062,12.373285810152689,12.373285810152689,46.13838418324789,1.0
42000,2.880629,None,0.60486037,1.0139196,41.79605197906494,41.79605197906494,106.67443084716797,1.0
43000,2.881108,307.0,0.86784077,1.1162511,150.5191581249237,150.5191581249237,113.52999369303386,1.0
44000,2.8809981,339.0,-0.41312435,1.1971217,-4.1415319840113325,-4.1415319840113325,54.79693730672201,1.0
45000,2.8803377,299.0,0.110668756,1.226875,33.4044820467631,33.4044820467631,43.2274227142334,1.0
46000,2.8801627,265.0,0.37518778,0.8011379,43.606480062007904,43.606480062007904,80.72387564182281,1.0
47000,2.8799725,360.3333333333333,0.14971116,1.6048226,63.077041149139404,63.077041149139404,114.15879313151042,1.0
48000,2.8798115,399.0,0.16683303,1.2626923,-3.616629719734192,-3.616629719734192,157.50038146972656,1.0
49000,2.880685,337.27272727272725,0.18245594,1.2889705,-3.6770524978637695,-3.6770524978637695,67.24641545613606,1.0
50000,2.8819625,399.0,0.20750487,2.0796087,119.90499496459961,119.90499496459961,89.57233238220215,1.0
51000,2.881648,None,0.62757534,2.4719226,74.64545885721843,74.64545885721843,76.21142896016438,1.0
52000,2.8816779,None,0.6078445,1.9961131,100.45199608802795,100.45199608802795,56.862300872802734,1.0
53000,2.881377,399.0,0.32865077,2.0144086,12.333459758758545,12.333459758758545,35.77646808624267,1.0
54000,2.8801608,None,0.5387251,1.6891906,31.919900834560394,31.919900834560394,52.29219031333923,1.0
55000,2.8791797,97.0,0.7883949,1.2518721,154.71403884887695,154.71403884887695,93.76209259033203,1.0
56000,2.8789225,None,0.48083308,1.3803587,76.13112576802571,76.13112576802571,98.92145284016927,1.0
57000,2.8787045,399.0,0.51916933,2.1922371,75.6709538300832,75.6709538300832,71.03629716237386,1.0
58000,2.8793654,219.0,0.53108495,2.0883763,21.841472148895264,21.841472148895264,34.3785982131958,1.0
59000,2.8789725,253.0,0.60739803,1.4596258,95.09796233177185,95.09796233177185,74.16617884635926,1.0
60000,2.8790033,326.5,-0.38514167,2.6735072,-4.829634189605713,-4.829634189605713,48.01106071472168,1.0
61000,2.879745,256.5,0.33099934,1.9398191,48.51955771446228,48.51955771446228,59.66473960876465,1.0
62000,2.876085,347.0,0.73101956,3.0732994,12.03626036643982,12.03626036643982,36.691383361816406,1.0
63000,2.8753169,None,1.006256,1.8822447,93.74992752075195,93.74992752075195,81.12139511108398,1.0
64000,2.875328,399.0,-0.03955509,2.5287955,37.659246603647865,37.659246603647865,59.23854160308838,1.0
65000,2.8756778,None,-0.15518296,2.6485817,44.12827173868815,44.12827173868815,72.32299550374348,1.0
66000,2.8762593,None,0.5533294,2.7612083,54.829400380452476,54.829400380452476,31.625566482543945,1.0
67000,2.876617,None,0.24587162,2.9258246,4.515654802322388,4.515654802322388,145.09258270263672,1.0
68000,2.8765996,None,0.3428276,2.1550221,5.317950487136841,5.317950487136841,119.00392278035481,1.0
69000,2.8762653,None,0.75336254,1.5686576,22.6398823261261,22.6398823261261,54.02793312072754,1.0
70000,2.8748386,341.0,-0.028030267,2.2276437,66.02829043070476,66.02829043070476,126.47088114420573,1.0
71000,2.8746421,300.3333333333333,0.76531667,2.238301,118.12139924367268,118.12139924367268,75.75596491495769,1.0
72000,2.8733466,353.0,1.2160201,3.1295812,221.25316333770752,221.25316333770752,74.94651794433594,1.0
73000,2.8745534,267.5,0.90442514,1.9385324,52.62734842300415,52.62734842300415,62.027342319488525,1.0
74000,2.873936,299.04761904761904,0.9093323,2.5018947,36.87954727808634,36.87954727808634,47.99587313334147,1.0
75000,2.8732715,399.0,0.9953395,2.6470265,15.661958992481232,15.661958992481232,35.853397846221924,1.0
76000,2.8736768,None,0.73804104,3.5149734,94.72461199760437,94.72461199760437,44.96886944770813,1.0
77000,2.8728833,None,1.0791322,2.642513,87.926052292188,87.926052292188,76.52328491210938,1.0
78000,2.874098,None,1.2290677,2.7309105,106.0771713256836,106.0771713256836,90.64499378204346,1.0
79000,2.8692126,399.0,1.7014595,2.5865107,146.11334737141928,146.11334737141928,56.669630686442055,1.0
80000,2.8670452,None,0.8517688,3.017986,103.98187510172527,103.98187510172527,63.43631331125895,1.0
81000,2.8672283,314.3333333333333,1.1177098,3.0774384,92.13774649302165,92.13774649302165,55.13215287526449,1.0
82000,2.8696246,399.0,0.8870449,3.8781185,39.41189932823181,39.41189932823181,53.99671936035156,1.0
83000,2.870222,350.6666666666667,1.2121845,2.0456746,179.40268834431967,179.40268834431967,28.96455987294515,1.0
84000,2.8716977,276.4,0.85559607,3.001232,53.087431848049164,53.087431848049164,30.78627109527588,1.0
85000,2.871316,250.75,1.2953136,2.6759074,114.27933037281036,114.27933037281036,72.58795902132988,1.0
86000,2.8652787,355.3333333333333,1.3463897,2.3137379,98.02405675252278,98.02405675252278,55.15194956461588,1.0
87000,2.8639617,None,1.473239,3.292434,57.432594339052834,57.432594339052834,40.37663269042969,1.0
88000,2.8648555,None,1.037361,4.1825385,114.43911997477214,114.43911997477214,45.66965421040853,1.0
89000,2.8660355,169.0,1.7479087,2.6750827,153.21268463134766,153.21268463134766,82.42098808288574,1.0
90000,2.8677022,None,1.3905927,2.5586388,282.99169921875,282.99169921875,96.08352915445964,1.0
91000,2.869851,None,1.8167349,3.0292578,128.3150634765625,128.3150634765625,40.36040925979614,1.0
92000,2.8705788,None,1.4693415,2.5356047,154.93448221683502,154.93448221683502,69.30857121944427,1.0
93000,2.8679945,None,-0.09469309,4.8509507,2.239680210749308,2.239680210749308,23.34821891784668,1.0
94000,2.8673344,363.6666666666667,1.4289227,3.8278306,154.2750040690104,154.2750040690104,47.743977864583336,1.0
95000,2.8676307,307.0,0.9614796,4.216064,154.85142342249551,154.85142342249551,75.77426528930664,1.0
96000,2.8631587,334.6666666666667,1.6551604,4.6136746,160.4591921965281,160.4591921965281,93.98301696777344,1.0
97000,2.8639612,399.0,1.6566585,2.4666235,171.93718592325845,171.93718592325845,73.77867889404297,1.0
98000,2.864625,317.6666666666667,1.5981805,3.0703194,413.9669647216797,413.9669647216797,163.13482666015625,1.0
99000,2.8540196,399.0,1.984724,3.3190823,193.11816247304282,193.11816247304282,60.20991643269857,1.0
100000,2.8552806,164.0,1.2577088,4.091732,86.866379737854,86.866379737854,48.34530830383301,1.0
101000,2.8569555,None,1.1807175,4.107296,41.305736511945724,41.305736511945724,28.464134573936462,1.0
102000,2.8585038,399.0,1.2342929,4.4879427,103.97507977485657,103.97507977485657,104.51685333251953,1.0
103000,2.85863,None,2.12327,4.2010055,180.36493937174478,180.36493937174478,145.17854817708334,1.0
104000,2.8587468,None,0.94975334,4.197408,73.74276944001515,73.74276944001515,70.16869799296062,1.0
105000,2.8622453,None,0.8508046,3.765888,217.0437978108724,217.0437978108724,45.408119440078735,1.0
106000,2.8612983,332.6666666666667,1.5475048,3.8082314,183.16155354181925,183.16155354181925,48.60393206278483,1.0
107000,2.8580773,399.0,1.839409,2.5121222,336.6925964355469,336.6925964355469,51.22412363688151,1.0
108000,2.8629138,270.5,1.9530871,4.1053095,154.24570551514626,154.24570551514626,47.371397495269775,1.0
109000,2.8626533,399.0,2.0885806,2.9702048,137.94684600830078,137.94684600830078,91.71477508544922,1.0
110000,2.86127,342.3333333333333,1.3612331,3.645358,126.4554894765218,126.4554894765218,45.66208012898763,1.0
111000,2.8521707,350.76190476190476,1.4437804,4.540174,168.06929524739584,168.06929524739584,90.44104321797688,1.0
112000,2.852364,None,2.0075934,4.022551,142.25228563944498,142.25228563944498,101.42693090438843,1.0
113000,2.849818,399.0,1.9910389,4.9802766,218.7078399658203,218.7078399658203,58.57375971476237,1.0
114000,2.850894,None,1.9324056,4.681093,264.8523712158203,264.8523712158203,92.86357116699219,1.0
115000,2.8492303,340.5,1.6234239,4.670899,309.2727551460266,309.2727551460266,44.12380599975586,1.0
116000,2.837175,399.0,1.6929929,4.459154,115.8671041727066,115.8671041727066,75.09576988220215,1.0
117000,2.8382752,None,2.0283651,5.946521,360.8921356201172,360.8921356201172,27.960338592529297,1.0
118000,2.842079,399.0,1.7406396,4.0876865,280.4573262532552,280.4573262532552,91.6004524230957,1.0
119000,2.8461277,None,1.9230132,3.9148178,231.58145904541016,231.58145904541016,74.86987686157227,1.0
120000,2.850593,399.0,2.0270903,3.5787468,317.98460896809894,317.98460896809894,110.52945200602214,1.0
121000,2.8521514,399.0,0.12292406,4.7483473,93.84111166000366,93.84111166000366,28.004545211791992,1.0
122000,2.8458822,291.5,2.1930234,4.721698,233.7024221420288,233.7024221420288,85.3621301651001,1.0
123000,2.8441682,346.27272727272725,1.9380593,4.716026,325.51649475097656,325.51649475097656,46.10093561808268,1.0
124000,2.8483152,399.0,1.729589,3.5616639,216.0857925415039,216.0857925415039,82.81116485595703,1.0
125000,2.8515599,None,2.1311963,5.482094,222.24494870503744,222.24494870503744,64.55845832824707,1.0
126000,2.8505886,None,1.7673568,5.18793,307.9510955810547,307.9510955810547,9.78396463394165,1.0
127000,2.850089,399.0,1.9991509,4.8211217,268.7659403483073,268.7659403483073,75.3646977742513,1.0
128000,2.8410947,399.0,2.014871,4.4452863,213.99760309855142,213.99760309855142,23.56822935740153,1.0
129000,2.8430185,None,2.3621368,3.9456677,304.419677734375,304.419677734375,21.844369888305664,1.0
130000,2.8454578,None,2.5284865,4.1323237,324.9175900220871,324.9175900220871,65.4216593503952,1.0
131000,2.8465102,None,2.5887249,4.0435967,459.1312561035156,459.1312561035156,21.174818515777588,1.0
132000,2.8458838,399.0,2.4860694,5.2384663,301.9132080078125,301.9132080078125,101.97525024414062,1.0
133000,2.8449097,399.0,2.8624775,5.7276535,463.8549041748047,463.8549041748047,119.97147560119629,1.0
134000,2.8472815,289.5,2.422842,4.942134,298.93464118242264,298.93464118242264,39.53277000784874,1.0
135000,2.8410249,340.59090909090907,2.0700538,3.2589827,292.4057814280192,292.4057814280192,25.104799270629883,1.0
136000,2.8420317,237.5,3.1767843,5.2450695,333.340825398763,333.340825398763,112.6870829264323,1.0
137000,2.8444586,399.0,3.0373187,4.0356827,243.98797607421875,243.98797607421875,53.85631740093231,1.0
138000,2.8446932,399.0,2.772195,4.3687587,372.7100118001302,372.7100118001302,70.47280248006184,1.0
139000,2.8432379,None,2.8694506,5.1036096,408.18267822265625,408.18267822265625,47.38203716278076,1.0
140000,2.8422902,102.0,2.9875228,4.112326,331.53821992874146,331.53821992874146,31.754726934432984,1.0
141000,2.8441496,16.0,2.6633492,4.790558,286.95241292317706,286.95241292317706,52.21082750956217,1.0
142000,2.8411648,399.0,2.5762527,5.2221074,338.1042938232422,338.1042938232422,40.12294387817383,1.0
143000,2.842917,None,2.7070673,4.427982,322.4377772808075,322.4377772808075,56.75964975357056,1.0
144000,2.8486443,399.0,3.4784439,5.8196135,306.1866645812988,306.1866645812988,87.23818463087082,1.0
145000,2.8528872,399.0,3.1358814,4.58343,532.6109161376953,532.6109161376953,148.16912651062012,1.0
146000,2.8484561,337.0,3.3305674,4.579515,377.54832967122394,377.54832967122394,51.969319661458336,1.0
147000,2.8380787,351.1111111111111,3.1323776,2.7895336,492.10361735026044,492.10361735026044,72.40864817301433,1.0
148000,2.8405552,None,3.2662947,5.291076,277.6919809579849,277.6919809579849,88.48293558756511,1.0
149000,2.840712,399.0,2.9184623,4.8847055,458.7314758300781,458.7314758300781,127.54179382324219,1.0
150000,2.84363,None,3.2302372,5.605562,385.26275634765625,385.26275634765625,95.46315964063008,1.0
151000,2.843841,None,4.188572,2.89961,670.3812561035156,670.3812561035156,62.68375015258789,1.0
152000,2.8400953,None,3.3770266,4.8572206,295.57441824674606,295.57441824674606,39.68023860454559,1.0
153000,2.8416095,399.0,3.337157,4.361176,423.84052022298175,423.84052022298175,77.57055409749348,1.0
154000,2.8417957,399.0,2.9417326,3.7785926,383.1294937133789,383.1294937133789,70.11586999893188,1.0
155000,2.8384573,399.0,3.8142643,5.191633,589.6064046223959,589.6064046223959,69.43217213948567,1.0
156000,2.836155,399.0,4.4177685,6.496871,493.16737365722656,493.16737365722656,81.04516220092773,1.0
157000,2.8306918,399.0,4.4954276,4.7332625,672.889892578125,672.889892578125,67.49511400858562,1.0
158000,2.835893,399.0,3.3448803,4.8924904,453.8529357910156,453.8529357910156,52.49442005157471,1.0
159000,2.8263347,319.60869565217394,4.7485437,5.618053,438.1345558166504,438.1345558166504,72.71351742744446,1.0
160000,2.824998,None,4.9195013,7.7557,412.40018463134766,412.40018463134766,150.95304107666016,1.0
161000,2.8277328,399.0,4.3787456,5.4864535,345.35801696777344,345.35801696777344,76.48409223556519,1.0
162000,2.8263795,None,5.9043083,4.8022456,662.1758728027344,662.1758728027344,64.98871088027954,1.0
163000,2.8312209,None,4.755053,5.3415084,380.4587287902832,380.4587287902832,88.95676803588867,1.0
164000,2.8340337,None,4.9527144,4.801982,649.9700622558594,649.9700622558594,63.059378147125244,1.0
165000,2.8289404,399.0,4.5996614,5.6052837,290.1540107727051,290.1540107727051,36.6701397895813,1.0
166000,2.828509,399.0,4.3171535,4.9089355,456.8912124633789,456.8912124633789,87.56355667114258,1.0
167000,2.8304117,399.0,4.3364835,5.3272963,559.2632904052734,559.2632904052734,16.242205262184143,1.0
168000,2.8187714,399.0,5.3428273,3.7741635,765.2607625325521,765.2607625325521,36.12338383992513,1.0
169000,2.8174748,399.0,5.011717,5.928673,604.386962890625,604.386962890625,51.82399559020996,1.0
170000,2.832213,399.0,4.535488,3.754836,640.1414693196615,640.1414693196615,80.00979487101237,1.0
171000,2.8114035,338.0952380952381,4.0790687,5.6009107,622.1061706542969,622.1061706542969,71.23055648803711,1.0
172000,2.8016214,72.0,6.07781,5.8174543,313.9377868652344,313.9377868652344,51.629998970031735,1.0
173000,2.799467,95.0,6.6875706,6.1114764,573.8248291015625,573.8248291015625,98.31531016031902,1.0
174000,2.7946904,399.0,6.708107,6.9518175,590.0732421875,590.0732421875,87.57745361328125,1.0
175000,2.7913136,None,6.4235325,4.5152974,641.0741373697916,641.0741373697916,36.14588228861491,1.0
176000,2.7928097,None,5.9423437,4.181634,620.8475036621094,620.8475036621094,73.32247543334961,1.0
177000,2.7961988,None,6.79874,4.7662597,405.4381467103958,405.4381467103958,28.971765518188477,1.0
178000,2.8125746,399.0,4.7928324,5.527902,251.48368057608604,251.48368057608604,49.454180121421814,1.0
179000,2.8034172,399.0,6.530943,6.047756,655.8831787109375,655.8831787109375,151.2468490600586,1.0
180000,2.8247604,399.0,6.806832,4.0519767,808.9751180013021,808.9751180013021,62.28799947102865,1.0
181000,2.8189359,293.3333333333333,7.7163353,5.0837536,507.04654693603516,507.04654693603516,30.16044807434082,1.0
182000,2.8240135,399.0,6.9142494,7.924553,684.6849670410156,684.6849670410156,76.56360244750977,1.0
183000,2.8044474,356.45454545454544,5.279994,5.619461,445.48968505859375,445.48968505859375,99.30074564615886,1.0
184000,2.7910879,399.0,8.009855,7.1729393,557.8809407552084,557.8809407552084,113.50723775227864,1.0
185000,2.789411,215.5,6.420883,5.4694653,644.3285522460938,644.3285522460938,85.4115219116211,1.0
186000,2.793519,244.5,9.566199,5.364137,513.8552500406901,513.8552500406901,35.108603159586586,1.0
187000,2.786746,None,5.6979003,5.0167904,517.8611857096354,517.8611857096354,42.380956172943115,1.0
188000,2.7877133,None,9.034933,5.4858413,559.5990506410599,559.5990506410599,44.26832127571106,1.0
189000,2.8038738,None,9.629421,4.691223,761.08642578125,761.08642578125,20.898106575012207,1.0
190000,2.8134203,399.0,8.568004,4.499407,843.7036539713541,843.7036539713541,74.57497151692708,1.0
191000,2.8132586,None,8.3732605,6.1297364,560.8683535257975,560.8683535257975,83.70992024739583,1.0
192000,2.8108127,399.0,7.1935186,6.24021,581.2473793029785,581.2473793029785,88.55326271057129,1.0
193000,2.8164072,295.0,8.367192,6.793524,563.2179018656412,563.2179018656412,50.219215393066406,1.0
194000,2.813511,399.0,11.253581,5.582568,810.1117553710938,810.1117553710938,36.72765350341797,1.0
195000,2.815375,329.6666666666667,7.0644646,5.0785522,603.5407511393229,603.5407511393229,30.835641860961914,1.0
196000,2.7978497,340.1904761904762,8.859466,6.0316963,733.9639485677084,733.9639485677084,175.29218037923178,1.0
197000,2.8001006,None,12.586399,5.3708444,719.3265380859375,719.3265380859375,27.601037979125977,1.0
198000,2.8001518,399.0,8.865966,5.471116,326.42853224277496,326.42853224277496,61.84548067674041,1.0
199000,2.7991574,None,9.21309,6.8963294,708.9675089518229,708.9675089518229,77.32122802734375,1.0
200000,2.7885754,399.0,5.8217144,5.606665,438.5833791097005,438.5833791097005,37.27859512964884,1.0
201000,2.7911427,399.0,9.474235,5.11422,720.9639078776041,720.9639078776041,47.94207191467285,1.0
202000,2.7997043,399.0,8.77933,5.6675096,537.7427253723145,537.7427253723145,29.077004114786785,1.0
203000,2.793863,None,11.296631,7.2178183,782.8751220703125,782.8751220703125,170.9784393310547,1.0
204000,2.7902308,399.0,8.727436,7.8503814,629.3621622721354,629.3621622721354,130.86981201171875,1.0
205000,2.782321,399.0,7.7447987,4.469298,754.129150390625,754.129150390625,22.544382095336914,1.0
206000,2.7964187,399.0,7.1345067,5.9078326,709.5592041015625,709.5592041015625,104.67735926310222,1.0
207000,2.799352,399.0,10.329451,6.24094,757.7521667480469,757.7521667480469,71.15200424194336,1.0
208000,2.7795045,366.8636363636364,10.825616,5.55874,885.755126953125,885.755126953125,78.70697625478108,1.0
209000,2.7841065,None,11.159992,8.046974,847.1124572753906,847.1124572753906,116.6638412475586,1.0
210000,2.789343,399.0,8.76836,6.9901667,345.25078563690187,345.25078563690187,38.02632465362549,1.0
211000,2.7917054,None,8.62701,6.7988706,832.5996398925781,832.5996398925781,82.16738319396973,1.0
212000,2.7965298,None,15.959053,5.5734305,809.2569376627604,809.2569376627604,53.036398569742836,1.0
213000,2.8014293,399.0,10.953036,6.8701477,773.2046508789062,773.2046508789062,64.60668182373047,1.0
214000,2.7901082,None,9.90398,4.7218976,654.9418640136719,654.9418640136719,27.428521672884624,1.0
215000,2.797729,None,9.450987,5.727253,751.6571655273438,751.6571655273438,39.73537540435791,1.0
216000,2.7985923,399.0,14.276787,5.2382603,824.5460815429688,824.5460815429688,37.405232747395836,1.0
217000,2.7971568,309.0,12.369186,6.174227,664.6941426595052,664.6941426595052,65.64219919840495,1.0
218000,2.7806454,399.0,11.621983,6.5206738,570.6927795410156,570.6927795410156,18.250246047973633,1.0
219000,2.7753994,399.0,10.983584,7.8850837,756.63232421875,756.63232421875,153.25883992513022,1.0
220000,2.7758672,349.2,11.366498,6.2607455,795.1073608398438,795.1073608398438,61.43355417251587,1.0
221000,2.7633798,None,12.202077,7.0434394,565.0206481933594,565.0206481933594,34.88649940490723,1.0
222000,2.76444,None,13.04299,7.0683126,880.43310546875,880.43310546875,54.53168869018555,1.0
223000,2.7757246,None,12.469089,7.7412715,825.7804768880209,825.7804768880209,94.20751317342122,1.0
224000,2.769363,372.0,13.567045,10.139626,638.5953369140625,638.5953369140625,58.85591697692871,1.0
225000,2.7617788,None,16.403908,6.0839043,896.9277750651041,896.9277750651041,69.22969563802083,1.0
226000,2.7729,None,9.826937,6.176052,812.1737976074219,812.1737976074219,42.194820404052734,1.0
227000,2.7600973,399.0,11.179652,6.1546397,312.44039217631024,312.44039217631024,35.91660944620768,1.0
228000,2.7828531,399.0,14.80296,7.954466,769.6903076171875,769.6903076171875,176.81023025512695,1.0
229000,2.781701,399.0,9.97541,6.0144253,846.6863098144531,846.6863098144531,130.1833267211914,1.0
230000,2.7883656,347.0,11.829811,5.139479,611.1410737037659,611.1410737037659,19.12200673421224,1.0
231000,2.7883294,262.75,8.928258,6.99805,439.23903569579124,439.23903569579124,68.6783504486084,1.0
232000,2.7788048,365.77272727272725,16.429235,6.9825616,888.3225301106771,888.3225301106771,74.43955993652344,1.0
233000,None,399.0,14.018023,5.656185,949.5010986328125,949.5010986328125,32.727253913879395,1.0
234000,2.772855,None,14.763058,5.65463,928.6825358072916,928.6825358072916,50.538692474365234,1.0
235000,2.7854552,None,11.919132,6.0329523,807.4183044433594,807.4183044433594,28.680822491645813,1.0
236000,2.7793167,399.0,12.144732,6.1810603,669.3961031734943,669.3961031734943,51.19293832778931,1.0
237000,2.7868826,None,13.78825,8.474164,740.6834716796875,740.6834716796875,110.85916900634766,1.0
238000,2.781531,None,12.922366,9.602652,510.3561833699544,510.3561833699544,78.40364774068196,1.0
239000,2.7688732,None,17.098207,5.0054164,937.704345703125,937.704345703125,43.40678278605143,1.0
240000,2.7732737,None,14.923655,6.996317,873.0988159179688,873.0988159179688,94.39404678344727,1.0
241000,2.7748168,399.0,18.56784,7.3633456,881.3111775716146,881.3111775716146,50.91024939219157,1.0
242000,2.7697022,399.0,13.154426,7.795907,836.8017578125,836.8017578125,81.64704895019531,1.0
243000,2.7712352,316.25,12.960706,5.8380203,657.1451873779297,657.1451873779297,39.95965766906738,1.0
244000,2.7864766,399.0,14.7126255,9.84383,1005.406982421875,1005.406982421875,137.15476417541504,1.0
245000,2.759684,381.1904761904762,13.491348,7.804975,1006.5319010416666,1006.5319010416666,80.54007975260417,1.0
246000,2.7630568,399.0,11.006402,7.8309226,910.6919860839844,910.6919860839844,133.81175231933594,1.0
247000,2.7615917,None,16.5162,6.6693854,622.2338609695435,622.2338609695435,28.23350977897644,1.0
248000,2.7631335,None,14.21971,6.701969,885.1012573242188,885.1012573242188,73.91054344177246,1.0
249000,2.7590582,None,15.120706,8.62622,956.0076904296875,956.0076904296875,36.68416976928711,1.0
250000,2.7599585,399.0,17.070995,7.01799,946.4812622070312,946.4812622070312,39.61934781074524,1.0
251000,2.7521002,None,17.212439,7.5430007,1093.9650472005208,1093.9650472005208,61.95274988810221,1.0
252000,2.7461412,None,14.353624,8.788893,866.657470703125,866.657470703125,88.09028244018555,1.0
253000,2.7600603,399.0,18.895311,7.507496,890.5467122395834,890.5467122395834,80.23676983515422,1.0
254000,2.7672634,266.0,19.175753,7.708262,734.6727464993795,734.6727464993795,28.65813108285268,1.0
255000,2.768151,399.0,15.642261,7.852529,808.9510498046875,808.9510498046875,38.60887463887533,1.0
256000,2.7518935,399.0,22.052902,5.6350603,987.6633911132812,987.6633911132812,32.583635330200195,1.0
257000,2.7419991,334.95238095238096,12.769525,9.376604,449.7278878688812,449.7278878688812,52.842649936676025,1.0
258000,2.7212663,399.0,18.428446,8.512371,917.1841430664062,917.1841430664062,62.249430338541664,1.0
259000,2.7360044,399.0,18.145912,8.126568,897.3009643554688,897.3009643554688,89.85846710205078,1.0
260000,2.7249012,8.0,18.070213,8.684335,735.7489204406738,735.7489204406738,46.697544157505035,1.0
261000,2.729615,None,24.974499,7.5594826,1117.6695556640625,1117.6695556640625,84.83824157714844,1.0
262000,2.7258053,399.0,26.021942,4.535535,1114.9215494791667,1114.9215494791667,26.197868982950848,1.0
263000,2.7247472,None,13.03046,6.4531016,630.946065624555,630.946065624555,58.480564753214516,1.0
264000,2.730626,None,20.54678,7.4348435,762.7971544265747,762.7971544265747,38.98015321046114,1.0
265000,2.7337992,399.0,18.670582,8.04186,1125.0609741210938,1125.0609741210938,102.69923400878906,1.0
266000,2.70168,304.0,20.452011,6.458656,927.9771321614584,927.9771321614584,53.388534228006996,1.0
267000,2.7200372,399.0,16.720577,5.9473443,729.5320739746094,729.5320739746094,41.00340133905411,1.0
268000,2.7236338,301.0,19.154768,6.0639167,612.3737487792969,612.3737487792969,13.189807256062826,1.0
269000,2.7145457,367.23809523809524,19.362738,6.9237275,788.6508865356445,788.6508865356445,34.606706619262695,1.0
270000,2.679578,70.0,21.475386,7.5824084,1120.5799560546875,1120.5799560546875,63.809271494547524,1.0
271000,2.7024577,399.0,14.567911,8.057405,900.4616394042969,900.4616394042969,117.53689956665039,1.0
272000,2.7019463,399.0,21.665117,5.089782,991.3004557291666,991.3004557291666,31.845340410868328,1.0
273000,2.6871681,399.0,19.245335,5.7033396,1027.2992553710938,1027.2992553710938,41.96476364135742,1.0
274000,2.6950672,399.0,20.125479,6.029814,751.6291933059692,751.6291933059692,36.86631178855896,1.0
275000,2.721673,399.0,18.860355,4.9704804,1034.5169677734375,1034.5169677734375,28.78363800048828,1.0
276000,2.7195914,399.0,22.391876,5.8430386,891.0893716812134,891.0893716812134,19.170512318611145,1.0
277000,2.7230349,None,25.69992,7.186246,1070.3930053710938,1070.3930053710938,22.820491790771484,1.0
278000,2.7250423,265.0,21.59809,5.503868,1035.7699381510417,1035.7699381510417,34.958611806233726,1.0
279000,2.7354972,217.5,14.728704,8.267856,381.86412820219994,381.86412820219994,47.042426347732544,1.0
280000,2.7233198,399.0,20.584274,9.117561,876.7173461914062,876.7173461914062,113.37570190429688,1.0
281000,2.719994,339.1363636363636,25.093222,5.3746643,1229.943603515625,1229.943603515625,39.856801668802895,1.0
282000,2.7082844,None,19.969065,11.140732,959.5462951660156,959.5462951660156,162.75885772705078,1.0
283000,2.7079535,None,17.617104,9.763018,514.522518247366,514.522518247366,34.78676998615265,1.0
284000,2.7028136,None,24.157852,9.317127,868.4174575805664,868.4174575805664,63.189751625061035,1.0
285000,2.7176783,None,18.162596,10.037091,746.8304347991943,746.8304347991943,36.71022733052572,1.0
286000,2.726257,None,19.123829,9.090045,1108.730224609375,1108.730224609375,74.8249397277832,1.0
287000,2.7237113,None,25.328964,7.9351196,1145.8523356119792,1145.8523356119792,85.59768168131511,1.0
288000,2.7276468,399.0,33.705994,6.79212,1080.8099365234375,1080.8099365234375,48.92569923400879,1.0
289000,2.713763,399.0,24.170317,8.128709,1055.9786173502605,1055.9786173502605,53.003936767578125,1.0
290000,2.7071218,288.6666666666667,19.381327,9.803893,704.411652247111,704.411652247111,89.35564422607422,1.0
291000,2.7122877,317.0,24.02862,6.7712016,739.7292989095052,739.7292989095052,56.979997634887695,1.0
292000,2.7164552,399.0,23.376656,9.239171,944.8419596354166,944.8419596354166,92.15182749430339,1.0
293000,2.6920917,320.94736842105266,26.442717,6.3952093,1176.8468627929688,1176.8468627929688,50.0386962890625,1.0
294000,2.681706,None,28.116577,9.847213,1074.5628255208333,1074.5628255208333,30.48239517211914,1.0
295000,2.6792111,None,30.546476,9.634492,680.1911773681641,680.1911773681641,16.33468468983968,1.0
296000,2.6765652,None,26.44772,8.782736,868.3888819217682,868.3888819217682,41.73377561569214,1.0
297000,2.6909683,None,19.222483,5.793944,560.6551345984141,560.6551345984141,17.69200947135687,1.0
298000,2.6943762,None,27.46946,10.231623,975.3285331726074,975.3285331726074,66.9242160320282,1.0
299000,2.6813161,399.0,30.028185,7.8959565,992.3456115722656,992.3456115722656,24.155567169189453,1.0
300000,2.6950195,399.0,30.814255,6.085158,1237.8157958984375,1237.8157958984375,27.64939308166504,1.0
301000,2.6901965,399.0,24.029167,4.4754453,1119.296875,1119.296875,7.777778342366219,1.0
302000,2.6837196,274.6666666666667,28.571844,6.7386856,804.0632106463114,804.0632106463114,26.087580740451813,1.0
303000,2.6823018,399.0,28.376017,6.77791,1069.111572265625,1069.111572265625,60.91247526804606,1.0
304000,2.6748483,399.0,21.286148,7.461446,1107.3970947265625,1107.3970947265625,58.3908417224884,1.0
305000,2.673841,348.2173913043478,21.890568,7.519533,889.0161881744862,889.0161881744862,20.115813493728638,1.0
306000,2.6696558,399.0,27.76704,4.2748833,1129.32763671875,1129.32763671875,63.23410475254059,1.0
307000,2.669167,399.0,29.471136,8.210602,1118.0841878255208,1118.0841878255208,61.50631205240885,1.0
308000,2.6760325,399.0,23.159615,5.1130433,1168.169677734375,1168.169677734375,62.42971980571747,1.0
309000,2.6819067,None,29.775084,9.156425,993.5332641601562,993.5332641601562,86.51957003275554,1.0
310000,2.6989214,None,21.444283,8.0865965,823.0669574737549,823.0669574737549,42.11239409446716,1.0
311000,2.6986797,21.0,25.581934,8.478914,830.469571352005,830.469571352005,20.54321813583374,1.0
312000,2.6831336,None,23.42014,6.6986322,1260.7649536132812,1260.7649536132812,49.246397495269775,1.0
313000,2.6780245,None,33.487293,6.579229,1202.6146240234375,1202.6146240234375,85.81826257705688,1.0
314000,2.6763551,279.6666666666667,27.6898,10.435144,851.9957553744316,851.9957553744316,63.71241903305054,1.0
315000,2.676482,307.75,26.843355,9.293103,877.4774500528971,877.4774500528971,53.343460400899254,1.0
316000,2.684525,399.0,27.456003,8.568231,839.7169087727865,839.7169087727865,25.683110396067303,1.0
317000,2.668219,362.3636363636364,28.476776,8.762333,1228.6647135416667,1228.6647135416667,57.46692721048991,1.0
318000,2.6549828,399.0,33.658604,6.5832086,1208.233642578125,1208.233642578125,50.94749069213867,1.0
319000,2.661797,None,24.432922,8.8165245,1118.8809407552083,1118.8809407552083,69.4353535970052,1.0
320000,2.6627493,None,39.111664,5.480541,1151.376708984375,1151.376708984375,16.049144744873047,1.0
321000,2.6567247,286.5,22.061184,7.8443503,951.8716688156128,951.8716688156128,61.44103467464447,1.0
322000,2.6480038,None,30.637665,8.275061,1237.2506103515625,1237.2506103515625,49.28321075439453,1.0
323000,2.6568124,None,29.665562,6.6649523,938.7239637374878,938.7239637374878,14.102872345596552,1.0
324000,2.6728258,None,27.523577,10.350541,1283.4293823242188,1283.4293823242188,71.70284652709961,1.0
325000,2.6735637,399.0,30.637259,11.421332,1231.2071940104167,1231.2071940104167,74.87700653076172,1.0
326000,2.6860816,399.0,27.29776,8.174569,968.9994710286459,968.9994710286459,59.16315587361654,1.0
327000,2.6615875,399.0,43.400238,5.8149137,1385.9639282226562,1385.9639282226562,29.030720233917236,1.0
328000,2.6664093,399.0,24.15721,8.9168215,1210.6798502604167,1210.6798502604167,103.48368835449219,1.0
329000,2.6648402,399.0,27.696419,12.766965,1118.7611083984375,1118.7611083984375,133.32196426391602,1.0
330000,2.6440415,382.6190476190476,40.778812,7.4561114,1270.1641845703125,1270.1641845703125,34.60829512278239,1.0
331000,2.6455622,None,23.012674,7.468354,1027.8382873535156,1027.8382873535156,48.18925762176514,1.0
332000,2.6434436,None,38.41986,10.143994,1285.6668701171875,1285.6668701171875,43.946187337239586,1.0
333000,2.6404927,None,35.030712,7.9622355,1239.36474609375,1239.36474609375,50.117384910583496,1.0
334000,2.635672,None,30.91091,7.1872787,1262.6120198567708,1262.6120198567708,66.98467763264973,1.0
335000,2.637597,None,31.808014,9.24065,1237.3775634765625,1237.3775634765625,51.682830810546875,1.0
336000,2.6296155,None,26.273235,8.394152,946.1738204956055,946.1738204956055,35.50691282749176,1.0
337000,2.6277826,None,31.017124,9.480316,1142.7954711914062,1142.7954711914062,38.119455337524414,1.0
338000,2.6247063,399.0,26.432398,11.413571,1142.830322265625,1142.830322265625,142.75660196940103,1.0
339000,2.6298811,399.0,36.708363,6.3431554,1256.1211547851562,1256.1211547851562,36.85949659347534,1.0
340000,2.6297278,399.0,31.962952,9.90686,1376.6996256510417,1376.6996256510417,35.820164362589516,1.0
341000,2.6339197,399.0,42.28561,4.8865724,1337.72021484375,1337.72021484375,28.74331545829773,1.0
